timestamp,cpu,memory,request_rate,network,latency,resource_count
2026-01-01 00:00:00,30.4,45.27,40.0,2.9,21.75,2
2026-01-01 00:01:00,30.76,41.29,42.88,3.62,20.58,2
2026-01-01 00:02:00,31.72,41.86,42.36,3.44,21.48,2
2026-01-01 00:03:00,31.1,44.67,45.81,5.72,19.13,2
2026-01-01 00:04:00,29.0,46.07,53.36,2.92,18.11,2
2026-01-01 00:05:00,30.06,40.03,51.52,3.24,20.57,2
2026-01-01 00:06:00,29.05,44.17,49.83,5.79,19.75,2
2026-01-01 00:07:00,29.1,44.13,57.34,3.98,21.18,2
2026-01-01 00:08:00,31.01,48.63,60.19,6.47,20.46,2
2026-01-01 00:09:00,32.98,45.77,56.63,7.36,21.24,2
2026-01-01 00:10:00,32.56,47.16,58.41,4.36,18.42,2
2026-01-01 00:11:00,32.48,46.65,55.02,5.7,23.68,2
2026-01-01 00:12:00,34.29,42.74,51.89,2.68,20.93,2
2026-01-01 00:13:00,33.33,48.2,52.55,5.6,22.05,2
2026-01-01 00:14:00,35.53,47.87,42.38,3.9,20.14,2
2026-01-01 00:15:00,33.32,47.68,33.96,3.6,21.46,2
2026-01-01 00:16:00,28.26,52.74,32.03,1.75,18.13,2
2026-01-01 00:17:00,28.46,40.79,28.01,1.0,20.8,2
2026-01-01 00:18:00,28.24,48.33,30.94,3.38,19.55,2
2026-01-01 00:19:00,29.22,44.65,27.52,1.0,20.3,2
2026-01-01 00:20:00,28.53,45.56,21.86,1.38,21.18,2
2026-01-01 00:21:00,27.51,44.54,31.04,4.05,18.1,2
2026-01-01 00:22:00,25.22,42.98,31.03,2.93,18.51,2
2026-01-01 00:23:00,25.35,42.73,32.48,5.68,20.25,2
2026-01-01 00:24:00,24.05,44.08,26.36,3.78,22.48,2
2026-01-01 00:25:00,23.52,40.2,25.13,1.16,19.03,2
2026-01-01 00:26:00,25.08,45.28,27.27,2.36,20.4,2
2026-01-01 00:27:00,27.41,43.76,22.94,1.88,19.77,2
2026-01-01 00:28:00,27.27,42.28,26.58,1.0,22.82,2
2026-01-01 00:29:00,24.69,42.74,25.05,1.0,16.82,2
2026-01-01 00:30:00,25.48,46.43,25.19,1.3,19.73,2
2026-01-01 00:31:00,27.02,43.39,23.76,1.0,17.42,2
2026-01-01 00:32:00,26.08,44.84,34.72,3.02,15.93,2
2026-01-01 00:33:00,26.23,42.72,35.48,2.64,20.17,2
2026-01-01 00:34:00,26.24,45.7,30.95,1.0,19.93,2
2026-01-01 00:35:00,25.41,45.27,36.19,3.68,19.15,2
2026-01-01 00:36:00,26.65,48.02,30.79,3.69,19.64,2
2026-01-01 00:37:00,26.45,43.91,32.97,3.14,24.41,2
2026-01-01 00:38:00,26.51,45.62,24.13,1.57,19.38,2
2026-01-01 00:39:00,24.3,43.7,20.0,2.59,20.14,2
2026-01-01 00:40:00,23.69,45.88,22.21,2.91,18.29,2
2026-01-01 00:41:00,25.43,42.46,27.73,2.82,20.02,2
2026-01-01 00:42:00,25.07,45.26,29.97,1.31,19.15,2
2026-01-01 00:43:00,28.02,44.42,30.59,3.02,19.43,2
2026-01-01 00:44:00,26.73,44.23,30.24,4.36,22.54,2
2026-01-01 00:45:00,26.4,44.42,24.03,1.15,21.52,2
2026-01-01 00:46:00,27.1,44.99,22.11,5.03,20.08,2
2026-01-01 00:47:00,24.0,43.17,21.63,1.05,15.86,2
2026-01-01 00:48:00,21.98,43.12,28.79,2.5,18.41,2
2026-01-01 00:49:00,21.22,45.58,31.8,1.69,22.87,2
2026-01-01 00:50:00,24.37,45.5,24.04,2.38,19.04,2
2026-01-01 00:51:00,23.93,45.11,27.34,1.0,20.96,2
2026-01-01 00:52:00,28.27,43.98,26.83,1.46,22.25,2
2026-01-01 00:53:00,26.27,42.42,24.9,1.0,20.06,2
2026-01-01 00:54:00,26.42,46.16,29.56,2.72,18.49,2
2026-01-01 00:55:00,29.0,46.9,35.95,4.55,16.57,2
2026-01-01 00:56:00,31.76,49.06,41.33,4.48,21.74,2
2026-01-01 00:57:00,33.35,45.47,37.43,1.0,19.78,2
2026-01-01 00:58:00,33.05,46.11,36.49,6.16,21.21,2
2026-01-01 00:59:00,32.73,43.18,38.83,3.74,19.02,2
2026-01-01 01:00:00,32.26,45.51,44.2,2.59,20.41,2
2026-01-01 01:01:00,32.07,48.22,41.87,3.79,20.82,2
2026-01-01 01:02:00,29.9,44.53,41.19,3.77,20.78,2
2026-01-01 01:03:00,27.73,45.98,35.96,2.06,18.32,2
2026-01-01 01:04:00,27.17,44.13,30.71,2.91,21.69,2
2026-01-01 01:05:00,26.92,45.07,35.91,2.14,18.95,2
2026-01-01 01:06:00,26.86,42.1,43.42,3.08,17.32,2
2026-01-01 01:07:00,28.52,45.15,43.19,2.64,19.97,2
2026-01-01 01:08:00,30.36,39.64,48.35,1.96,20.52,2
2026-01-01 01:09:00,30.36,45.25,49.89,4.46,20.71,2
2026-01-01 01:10:00,32.19,43.0,46.27,4.81,22.84,2
2026-01-01 01:11:00,29.57,47.76,47.98,4.85,19.97,2
2026-01-01 01:12:00,29.81,46.99,55.43,5.94,20.19,2
2026-01-01 01:13:00,29.11,46.12,54.42,5.11,18.58,2
2026-01-01 01:14:00,27.43,47.64,61.49,4.43,21.17,2
2026-01-01 01:15:00,28.0,42.9,47.07,5.26,20.32,2
2026-01-01 01:16:00,28.59,48.5,51.01,2.3,19.52,2
2026-01-01 01:17:00,31.42,47.86,50.97,2.98,17.8,2
2026-01-01 01:18:00,31.8,45.66,48.99,2.72,22.89,2
2026-01-01 01:19:00,29.57,47.62,49.13,5.8,18.48,2
2026-01-01 01:20:00,31.72,43.89,38.86,4.72,19.82,2
2026-01-01 01:21:00,32.13,44.6,38.26,3.98,21.32,2
2026-01-01 01:22:00,31.6,44.84,40.58,5.06,18.89,2
2026-01-01 01:23:00,30.58,44.65,48.33,2.79,18.26,2
2026-01-01 01:24:00,28.62,42.9,45.47,4.39,16.97,2
2026-01-01 01:25:00,27.94,47.23,41.39,3.33,21.11,2
2026-01-01 01:26:00,29.54,44.82,39.17,4.6,19.5,2
2026-01-01 01:27:00,32.12,46.95,44.21,3.59,25.17,2
2026-01-01 01:28:00,33.41,45.55,45.92,3.33,19.52,2
2026-01-01 01:29:00,31.01,42.21,43.2,4.48,19.2,2
2026-01-01 01:30:00,28.69,45.58,45.91,5.22,19.32,2
2026-01-01 01:31:00,29.1,41.36,46.32,2.93,20.6,2
2026-01-01 01:32:00,26.84,44.26,51.06,4.25,19.13,2
2026-01-01 01:33:00,28.22,42.14,47.06,2.41,21.0,2
2026-01-01 01:34:00,28.29,48.88,45.26,1.0,18.62,2
2026-01-01 01:35:00,27.72,46.52,43.28,3.98,17.92,2
2026-01-01 01:36:00,25.15,44.01,36.1,3.98,16.83,2
2026-01-01 01:37:00,26.8,46.91,38.29,3.65,16.49,2
2026-01-01 01:38:00,26.43,42.56,40.13,1.0,18.98,2
2026-01-01 01:39:00,25.26,44.93,40.55,2.92,19.1,2
2026-01-01 01:40:00,21.89,43.06,39.73,1.0,17.99,2
2026-01-01 01:41:00,23.51,43.75,33.08,4.87,21.1,2
2026-01-01 01:42:00,27.17,47.05,31.93,1.08,21.73,2
2026-01-01 01:43:00,29.34,46.73,31.26,4.54,19.78,2
2026-01-01 01:44:00,27.37,45.16,28.35,3.83,17.24,2
2026-01-01 01:45:00,25.91,40.76,28.87,1.1,18.81,2
2026-01-01 01:46:00,26.8,42.46,32.18,1.04,18.92,2
2026-01-01 01:47:00,25.9,43.82,42.64,4.15,18.68,2
2026-01-01 01:48:00,27.35,44.76,43.7,2.45,18.88,2
2026-01-01 01:49:00,29.08,42.92,45.09,3.99,19.25,2
2026-01-01 01:50:00,30.87,50.63,44.71,3.08,19.98,2
2026-01-01 01:51:00,29.38,48.32,35.14,1.0,19.33,2
2026-01-01 01:52:00,28.3,46.11,35.8,1.0,20.41,2
2026-01-01 01:53:00,26.65,44.47,36.84,3.47,20.34,2
2026-01-01 01:54:00,26.57,43.88,49.8,3.39,18.42,2
2026-01-01 01:55:00,27.32,42.66,48.46,3.29,21.82,2
2026-01-01 01:56:00,28.79,45.23,49.69,5.27,18.71,2
2026-01-01 01:57:00,30.52,46.2,49.14,5.94,18.07,2
2026-01-01 01:58:00,28.64,42.54,42.97,3.24,20.73,2
2026-01-01 01:59:00,31.28,46.61,48.84,3.64,19.4,2
2026-01-01 02:00:00,30.58,45.39,52.3,5.2,20.99,2
2026-01-01 02:01:00,30.74,41.94,55.67,2.7,16.93,2
2026-01-01 02:02:00,29.38,43.56,50.27,4.61,22.38,2
2026-01-01 02:03:00,26.44,43.43,56.86,5.66,20.77,2
2026-01-01 02:04:00,28.94,48.9,48.9,5.18,17.96,2
2026-01-01 02:05:00,30.52,46.8,51.52,1.47,18.28,2
2026-01-01 02:06:00,30.75,43.09,61.95,4.12,23.04,2
2026-01-01 02:07:00,30.99,46.82,55.64,3.41,19.47,2
2026-01-01 02:08:00,31.55,42.95,51.96,4.57,19.43,2
2026-01-01 02:09:00,28.8,47.24,51.9,5.13,16.78,2
2026-01-01 02:10:00,28.34,43.98,48.83,6.4,19.58,2
2026-01-01 02:11:00,29.47,45.13,40.77,2.72,19.96,2
2026-01-01 02:12:00,27.18,47.16,41.45,2.78,20.96,2
2026-01-01 02:13:00,27.65,42.1,36.43,4.82,17.88,2
2026-01-01 02:14:00,25.7,41.2,39.48,3.8,17.35,2
2026-01-01 02:15:00,26.88,43.24,35.32,4.9,20.51,2
2026-01-01 02:16:00,27.49,46.7,43.85,4.16,21.46,2
2026-01-01 02:17:00,25.25,40.8,40.02,1.67,17.19,2
2026-01-01 02:18:00,27.87,39.09,38.81,1.3,21.64,2
2026-01-01 02:19:00,27.05,43.57,43.37,1.36,19.93,2
2026-01-01 02:20:00,25.98,45.2,37.35,4.17,21.31,2
2026-01-01 02:21:00,26.93,46.82,39.1,5.11,19.74,2
2026-01-01 02:22:00,29.45,44.38,46.11,6.69,16.52,2
2026-01-01 02:23:00,27.28,43.72,37.98,4.49,19.68,2
2026-01-01 02:24:00,27.59,46.96,39.47,5.1,21.56,2
2026-01-01 02:25:00,28.46,41.22,41.21,2.63,18.78,2
2026-01-01 02:26:00,29.72,44.62,45.42,2.13,19.77,2
2026-01-01 02:27:00,29.33,45.64,39.2,4.61,20.01,2
2026-01-01 02:28:00,27.83,45.64,33.06,3.44,15.66,2
2026-01-01 02:29:00,26.41,43.22,36.63,3.27,22.26,2
2026-01-01 02:30:00,27.01,44.52,38.78,3.88,18.51,2
2026-01-01 02:31:00,25.79,39.05,40.53,3.93,20.4,2
2026-01-01 02:32:00,22.36,41.51,42.62,5.55,18.9,2
2026-01-01 02:33:00,24.95,44.64,39.41,5.29,21.38,2
2026-01-01 02:34:00,27.44,42.64,41.02,4.3,20.55,2
2026-01-01 02:35:00,24.29,43.62,42.8,4.91,19.02,2
2026-01-01 02:36:00,24.03,44.31,39.41,4.12,17.99,2
2026-01-01 02:37:00,26.99,43.76,49.18,3.49,21.06,2
2026-01-01 02:38:00,31.22,46.27,51.22,5.49,17.81,2
2026-01-01 02:39:00,30.46,43.73,44.76,1.71,21.45,2
2026-01-01 02:40:00,29.07,44.76,48.07,5.67,18.58,2
2026-01-01 02:41:00,28.63,46.24,42.95,1.86,22.03,2
2026-01-01 02:42:00,30.96,46.15,47.05,4.43,20.82,2
2026-01-01 02:43:00,29.84,44.27,52.68,3.21,21.34,2
2026-01-01 02:44:00,28.56,45.44,47.96,4.91,20.26,2
2026-01-01 02:45:00,28.52,46.41,52.54,4.41,17.5,2
2026-01-01 02:46:00,27.89,40.66,54.0,2.2,18.73,2
2026-01-01 02:47:00,29.33,47.58,57.39,5.51,21.29,2
2026-01-01 02:48:00,33.11,45.92,65.88,4.73,21.21,2
2026-01-01 02:49:00,33.42,47.55,62.99,6.68,22.79,2
2026-01-01 02:50:00,32.39,48.73,57.78,4.91,21.43,2
2026-01-01 02:51:00,31.27,43.2,52.31,5.04,19.18,2
2026-01-01 02:52:00,28.32,43.49,47.64,2.61,18.9,2
2026-01-01 02:53:00,30.03,44.93,47.05,3.12,20.56,2
2026-01-01 02:54:00,29.8,43.86,48.59,3.44,16.89,2
2026-01-01 02:55:00,29.58,48.82,49.69,5.51,22.83,2
2026-01-01 02:56:00,34.76,45.45,53.45,7.06,21.92,2
2026-01-01 02:57:00,33.74,45.7,52.84,3.28,22.91,2
2026-01-01 02:58:00,31.97,46.6,59.48,6.67,18.38,2
2026-01-01 02:59:00,31.13,43.49,57.0,1.59,22.47,2
2026-01-01 03:00:00,33.83,46.05,69.64,4.13,24.44,2
2026-01-01 03:01:00,34.12,47.58,70.79,4.58,19.16,2
2026-01-01 03:02:00,31.53,45.37,64.44,3.45,21.83,2
2026-01-01 03:03:00,32.9,46.33,57.53,2.52,20.92,2
2026-01-01 03:04:00,31.51,44.97,58.94,5.63,18.35,2
2026-01-01 03:05:00,34.26,43.96,56.71,4.5,21.91,2
2026-01-01 03:06:00,35.04,47.91,59.34,5.61,22.56,2
2026-01-01 03:07:00,33.35,50.18,60.56,6.18,20.1,2
2026-01-01 03:08:00,34.72,47.19,58.95,5.41,23.0,2
2026-01-01 03:09:00,33.42,47.15,53.6,5.54,18.52,2
2026-01-01 03:10:00,33.18,48.0,45.34,3.75,18.73,2
2026-01-01 03:11:00,32.31,43.77,43.08,1.88,21.02,2
2026-01-01 03:12:00,30.06,48.93,47.52,5.63,20.45,2
2026-01-01 03:13:00,28.96,45.54,48.39,3.23,19.14,2
2026-01-01 03:14:00,30.3,48.87,41.89,2.16,21.67,2
2026-01-01 03:15:00,29.2,43.76,43.0,3.39,21.05,2
2026-01-01 03:16:00,28.53,48.62,45.09,2.46,21.42,2
2026-01-01 03:17:00,26.96,45.99,40.66,2.83,19.67,2
2026-01-01 03:18:00,28.08,45.94,41.78,4.07,20.96,2
2026-01-01 03:19:00,31.31,46.43,42.33,4.12,19.97,2
2026-01-01 03:20:00,28.33,44.42,36.83,1.78,23.18,2
2026-01-01 03:21:00,28.2,47.27,39.27,2.61,18.86,2
2026-01-01 03:22:00,30.42,45.93,42.53,5.23,23.63,2
2026-01-01 03:23:00,30.03,41.58,48.14,4.84,20.46,2
2026-01-01 03:24:00,30.92,43.59,53.16,7.63,18.5,2
2026-01-01 03:25:00,28.7,44.67,45.62,5.65,22.22,2
2026-01-01 03:26:00,29.16,45.82,40.88,5.19,20.44,2
2026-01-01 03:27:00,28.74,44.94,43.79,1.64,21.45,2
2026-01-01 03:28:00,30.41,48.08,46.45,5.09,22.31,2
2026-01-01 03:29:00,31.97,42.29,48.91,4.08,21.26,2
2026-01-01 03:30:00,36.42,48.03,67.86,4.94,20.67,2
2026-01-01 03:31:00,36.36,44.09,68.89,6.11,23.01,2
2026-01-01 03:32:00,36.21,49.19,72.65,7.59,21.52,2
2026-01-01 03:33:00,36.09,47.44,75.21,7.14,22.53,2
2026-01-01 03:34:00,35.25,48.18,76.05,5.15,18.12,2
2026-01-01 03:35:00,35.46,45.68,71.99,7.23,22.05,2
2026-01-01 03:36:00,34.76,49.73,73.63,5.3,20.3,2
2026-01-01 03:37:00,34.57,49.18,67.47,6.06,23.7,2
2026-01-01 03:38:00,35.96,48.75,64.49,5.03,22.41,2
2026-01-01 03:39:00,33.1,46.33,60.5,4.81,21.32,2
2026-01-01 03:40:00,34.4,48.2,59.67,6.22,21.92,2
2026-01-01 03:41:00,36.24,46.27,70.07,4.4,20.03,2
2026-01-01 03:42:00,34.49,48.78,58.73,7.91,23.64,2
2026-01-01 03:43:00,30.51,48.98,61.06,2.46,23.48,2
2026-01-01 03:44:00,29.54,47.48,51.71,3.5,20.91,2
2026-01-01 03:45:00,31.56,44.59,48.82,4.7,23.07,2
2026-01-01 03:46:00,31.26,46.66,53.96,5.46,19.77,2
2026-01-01 03:47:00,29.57,42.76,53.56,4.4,19.13,2
2026-01-01 03:48:00,28.79,46.22,47.49,3.95,20.24,2
2026-01-01 03:49:00,30.03,46.41,43.71,4.33,21.06,2
2026-01-01 03:50:00,30.65,41.99,47.21,3.67,19.93,2
2026-01-01 03:51:00,29.6,43.04,43.38,5.78,21.13,2
2026-01-01 03:52:00,28.81,44.52,44.6,5.05,20.65,2
2026-01-01 03:53:00,28.28,44.3,44.86,5.12,18.59,2
2026-01-01 03:54:00,26.91,42.0,41.61,2.09,20.62,2
2026-01-01 03:55:00,30.6,46.49,52.6,4.35,21.8,2
2026-01-01 03:56:00,30.27,46.1,55.16,4.24,20.71,2
2026-01-01 03:57:00,31.59,45.67,44.22,2.25,22.42,2
2026-01-01 03:58:00,32.98,45.03,45.22,4.38,19.11,2
2026-01-01 03:59:00,32.87,48.6,41.89,2.75,21.62,2
2026-01-01 04:00:00,30.97,49.15,46.4,4.93,18.82,2
2026-01-01 04:01:00,30.7,44.78,42.33,1.99,18.85,2
2026-01-01 04:02:00,29.85,44.22,41.97,6.15,19.43,2
2026-01-01 04:03:00,28.18,45.85,44.74,2.46,18.66,2
2026-01-01 04:04:00,29.24,44.52,49.09,4.5,19.44,2
2026-01-01 04:05:00,27.23,44.25,42.76,4.82,19.58,2
2026-01-01 04:06:00,29.37,46.76,41.26,2.65,21.54,2
2026-01-01 04:07:00,28.14,41.03,39.19,4.61,19.58,2
2026-01-01 04:08:00,28.14,47.48,36.39,1.25,17.69,2
2026-01-01 04:09:00,28.93,45.27,45.9,6.08,21.92,2
2026-01-01 04:10:00,28.76,44.24,47.86,4.09,18.92,2
2026-01-01 04:11:00,29.47,45.14,41.32,2.62,20.22,2
2026-01-01 04:12:00,28.68,44.96,46.21,3.48,20.83,2
2026-01-01 04:13:00,30.92,42.36,56.72,6.03,20.86,2
2026-01-01 04:14:00,29.34,48.26,60.95,4.3,21.92,2
2026-01-01 04:15:00,29.91,45.55,52.07,3.3,21.1,2
2026-01-01 04:16:00,32.78,47.36,49.09,3.84,19.61,2
2026-01-01 04:17:00,30.67,47.64,55.09,2.92,23.79,2
2026-01-01 04:18:00,29.47,43.27,50.75,7.04,20.6,2
2026-01-01 04:19:00,30.6,46.66,52.51,3.61,20.29,2
2026-01-01 04:20:00,31.06,45.34,55.78,5.99,22.04,2
2026-01-01 04:21:00,31.24,47.63,50.28,4.59,21.0,2
2026-01-01 04:22:00,31.51,41.77,49.56,2.74,21.27,2
2026-01-01 04:23:00,30.74,45.56,32.99,2.8,24.27,2
2026-01-01 04:24:00,30.66,44.53,28.83,3.63,20.11,2
2026-01-01 04:25:00,29.57,46.21,28.86,2.17,19.85,2
2026-01-01 04:26:00,27.53,45.58,23.91,3.82,20.13,2
2026-01-01 04:27:00,28.27,43.48,33.76,4.4,21.7,2
2026-01-01 04:28:00,30.15,44.13,27.51,3.72,18.17,2
2026-01-01 04:29:00,28.27,44.67,26.71,1.58,17.14,2
2026-01-01 04:30:00,25.93,42.28,28.83,1.0,18.79,2
2026-01-01 04:31:00,28.13,46.53,37.33,2.25,17.61,2
2026-01-01 04:32:00,27.26,43.8,30.76,2.91,19.27,2
2026-01-01 04:33:00,24.1,37.62,37.72,4.02,20.09,2
2026-01-01 04:34:00,26.62,43.57,38.35,1.0,18.46,2
2026-01-01 04:35:00,25.88,41.98,33.97,2.88,17.52,2
2026-01-01 04:36:00,26.29,40.94,37.17,3.4,19.84,2
2026-01-01 04:37:00,27.3,42.08,38.79,2.88,21.21,2
2026-01-01 04:38:00,27.57,44.87,36.28,5.02,17.42,2
2026-01-01 04:39:00,28.6,47.67,37.33,3.81,21.38,2
2026-01-01 04:40:00,27.46,45.24,36.02,5.03,21.17,2
2026-01-01 04:41:00,28.23,43.67,37.3,2.85,21.51,2
2026-01-01 04:42:00,27.84,45.66,41.23,4.91,21.84,2
2026-01-01 04:43:00,29.67,44.47,49.46,6.66,23.64,2
2026-01-01 04:44:00,30.21,44.19,42.92,5.62,19.9,2
2026-01-01 04:45:00,29.0,42.84,53.75,2.93,20.38,2
2026-01-01 04:46:00,30.51,42.17,43.29,3.3,19.87,2
2026-01-01 04:47:00,29.01,44.37,42.67,3.11,20.23,2
2026-01-01 04:48:00,30.28,45.91,45.79,4.63,22.75,2
2026-01-01 04:49:00,30.53,45.49,47.14,5.04,18.48,2
2026-01-01 04:50:00,32.67,45.6,43.85,2.47,19.59,2
2026-01-01 04:51:00,30.9,43.92,42.9,3.75,22.63,2
2026-01-01 04:52:00,29.41,46.51,40.61,1.0,21.82,2
2026-01-01 04:53:00,28.75,42.43,38.01,5.39,19.63,2
2026-01-01 04:54:00,28.23,46.43,42.82,2.87,21.36,2
2026-01-01 04:55:00,29.68,43.38,44.78,3.89,20.85,2
2026-01-01 04:56:00,26.76,42.86,41.33,3.05,22.07,2
2026-01-01 04:57:00,26.04,41.18,46.12,5.64,19.8,2
2026-01-01 04:58:00,25.66,42.98,47.57,1.0,21.16,2
2026-01-01 04:59:00,28.7,47.0,51.43,4.35,24.13,2
2026-01-01 05:00:00,32.01,47.23,54.06,4.44,21.66,2
2026-01-01 05:01:00,31.09,47.84,49.19,3.5,20.67,2
2026-01-01 05:02:00,30.18,46.61,46.06,6.5,21.52,2
2026-01-01 05:03:00,30.2,43.36,49.71,2.89,19.89,2
2026-01-01 05:04:00,32.04,45.55,52.38,5.61,24.35,2
2026-01-01 05:05:00,30.05,43.96,51.69,4.93,20.68,2
2026-01-01 05:06:00,30.51,48.34,51.74,6.29,20.08,2
2026-01-01 05:07:00,32.33,43.92,57.59,3.89,19.57,2
2026-01-01 05:08:00,32.52,48.17,53.62,3.46,22.5,2
2026-01-01 05:09:00,32.32,48.1,55.67,6.38,22.12,2
2026-01-01 05:10:00,33.27,50.31,53.8,5.21,20.24,2
2026-01-01 05:11:00,28.21,44.06,52.01,2.1,20.94,2
2026-01-01 05:12:00,30.34,47.04,56.94,4.03,18.2,2
2026-01-01 05:13:00,29.95,50.05,60.12,5.69,20.67,2
2026-01-01 05:14:00,28.13,43.61,62.97,6.61,20.74,2
2026-01-01 05:15:00,30.82,42.72,68.06,4.77,23.11,2
2026-01-01 05:16:00,33.73,43.05,66.32,1.27,19.92,2
2026-01-01 05:17:00,33.48,48.14,68.03,6.57,19.11,2
2026-01-01 05:18:00,34.72,43.38,64.63,3.66,19.91,2
2026-01-01 05:19:00,36.51,47.03,64.68,2.47,19.57,2
2026-01-01 05:20:00,37.08,48.85,62.46,1.06,23.68,2
2026-01-01 05:21:00,37.87,48.62,61.55,6.45,24.14,2
2026-01-01 05:22:00,37.15,48.85,63.2,5.56,22.17,2
2026-01-01 05:23:00,35.3,47.8,57.65,4.56,23.19,2
2026-01-01 05:24:00,32.24,48.84,67.1,7.79,21.0,2
2026-01-01 05:25:00,31.81,44.23,60.3,6.08,20.58,2
2026-01-01 05:26:00,30.12,44.19,53.01,6.93,19.92,2
2026-01-01 05:27:00,33.91,45.32,58.16,2.85,20.64,2
2026-01-01 05:28:00,33.05,48.23,61.06,5.14,18.63,2
2026-01-01 05:29:00,33.07,48.38,62.9,2.92,21.35,2
2026-01-01 05:30:00,33.85,47.75,64.61,5.15,21.03,2
2026-01-01 05:31:00,33.47,49.08,62.98,4.98,22.14,2
2026-01-01 05:32:00,35.29,45.0,57.05,5.79,21.49,2
2026-01-01 05:33:00,32.96,49.87,56.47,4.87,20.69,2
2026-01-01 05:34:00,32.37,49.38,52.17,5.37,19.52,2
2026-01-01 05:35:00,30.88,47.28,56.47,5.85,20.67,2
2026-01-01 05:36:00,28.93,48.69,54.82,7.89,21.31,2
2026-01-01 05:37:00,28.38,41.62,49.9,3.77,18.39,2
2026-01-01 05:38:00,28.74,44.01,47.9,2.66,20.31,2
2026-01-01 05:39:00,28.52,43.51,49.74,4.6,20.48,2
2026-01-01 05:40:00,27.76,46.16,46.54,2.75,18.92,2
2026-01-01 05:41:00,25.89,41.96,42.3,5.82,18.78,2
2026-01-01 05:42:00,26.77,45.88,43.74,3.29,20.16,2
2026-01-01 05:43:00,25.3,46.59,45.06,2.98,17.85,2
2026-01-01 05:44:00,27.56,46.04,42.52,2.91,20.49,2
2026-01-01 05:45:00,27.86,45.32,40.37,4.51,18.67,2
2026-01-01 05:46:00,25.86,42.07,41.9,3.32,21.25,2
2026-01-01 05:47:00,25.79,42.33,34.91,2.0,23.15,2
2026-01-01 05:48:00,24.64,46.12,28.68,4.94,18.14,2
2026-01-01 05:49:00,25.34,45.43,26.39,1.0,20.36,2
2026-01-01 05:50:00,27.36,44.5,26.81,2.33,18.83,2
2026-01-01 05:51:00,24.06,42.58,29.82,3.51,20.89,2
2026-01-01 05:52:00,25.5,39.87,38.41,1.0,17.69,2
2026-01-01 05:53:00,26.36,42.08,43.23,4.39,20.47,2
2026-01-01 05:54:00,28.12,48.67,42.57,2.04,18.75,2
2026-01-01 05:55:00,28.59,42.44,42.67,4.86,19.83,2
2026-01-01 05:56:00,27.1,44.86,37.84,1.77,18.33,2
2026-01-01 05:57:00,26.82,46.4,38.32,4.3,21.06,2
2026-01-01 05:58:00,25.86,41.54,37.41,4.84,18.4,2
2026-01-01 05:59:00,28.2,45.24,39.63,4.66,20.9,2
2026-01-01 06:00:00,28.18,46.74,40.33,3.8,19.56,2
2026-01-01 06:01:00,31.51,46.05,47.7,3.71,20.5,2
2026-01-01 06:02:00,31.56,51.78,59.55,4.2,20.9,2
2026-01-01 06:03:00,30.81,42.45,62.24,7.5,19.4,2
2026-01-01 06:04:00,29.46,47.43,67.27,4.67,20.62,2
2026-01-01 06:05:00,28.58,44.66,73.34,4.68,22.44,2
2026-01-01 06:06:00,28.34,46.46,73.46,7.24,18.93,2
2026-01-01 06:07:00,31.19,46.8,76.71,5.33,22.37,2
2026-01-01 06:08:00,33.54,45.27,78.63,5.26,23.28,2
2026-01-01 06:09:00,32.09,46.69,80.83,4.71,19.55,2
2026-01-01 06:10:00,34.7,43.43,78.5,5.95,19.06,2
2026-01-01 06:11:00,34.45,48.26,80.34,6.71,21.65,2
2026-01-01 06:12:00,35.52,48.03,84.4,7.54,20.57,2
2026-01-01 06:13:00,39.01,49.93,92.91,9.32,24.82,2
2026-01-01 06:14:00,40.58,51.32,98.27,9.14,22.36,2
2026-01-01 06:15:00,40.62,49.95,109.18,8.99,21.11,2
2026-01-01 06:16:00,39.39,49.08,104.61,8.59,20.37,2
2026-01-01 06:17:00,36.98,46.18,108.6,10.0,23.29,2
2026-01-01 06:18:00,37.57,46.73,108.83,11.16,20.91,2
2026-01-01 06:19:00,39.44,51.18,119.07,10.31,22.17,2
2026-01-01 06:20:00,39.1,51.56,113.5,8.94,23.47,2
2026-01-01 06:21:00,39.79,48.45,108.22,7.71,21.44,2
2026-01-01 06:22:00,40.3,49.2,104.57,6.72,22.19,2
2026-01-01 06:23:00,39.41,46.98,93.58,8.95,22.07,2
2026-01-01 06:24:00,38.04,50.66,91.47,8.64,22.87,2
2026-01-01 06:25:00,38.17,49.69,88.36,8.38,22.76,2
2026-01-01 06:26:00,38.77,52.45,90.04,7.46,21.65,2
2026-01-01 06:27:00,37.05,46.21,92.54,9.98,21.76,2
2026-01-01 06:28:00,40.37,48.37,102.52,7.99,21.71,2
2026-01-01 06:29:00,40.59,49.67,107.07,10.53,20.09,2
2026-01-01 06:30:00,40.66,50.53,103.62,8.75,22.71,2
2026-01-01 06:31:00,41.41,49.06,98.84,7.49,25.29,2
2026-01-01 06:32:00,41.37,47.73,101.39,9.51,21.12,2
2026-01-01 06:33:00,41.95,51.44,94.68,8.66,21.39,2
2026-01-01 06:34:00,41.99,51.14,104.26,9.4,21.25,2
2026-01-01 06:35:00,41.06,47.54,109.82,9.46,23.48,2
2026-01-01 06:36:00,41.7,52.31,106.69,9.01,23.18,2
2026-01-01 06:37:00,39.22,51.07,97.59,11.88,21.82,2
2026-01-01 06:38:00,39.98,49.26,104.55,10.66,20.82,2
2026-01-01 06:39:00,40.19,49.22,103.61,9.89,22.37,2
2026-01-01 06:40:00,40.48,50.27,109.51,9.48,19.94,2
2026-01-01 06:41:00,40.17,47.34,100.78,10.08,22.45,2
2026-01-01 06:42:00,37.13,48.06,97.72,9.08,22.99,2
2026-01-01 06:43:00,37.17,43.7,97.93,8.36,19.81,2
2026-01-01 06:44:00,38.18,50.12,98.33,7.9,19.57,2
2026-01-01 06:45:00,38.79,45.45,96.21,8.06,24.35,2
2026-01-01 06:46:00,37.65,51.18,99.63,3.71,20.86,2
2026-01-01 06:47:00,39.97,48.33,94.32,8.33,23.9,2
2026-01-01 06:48:00,38.27,47.97,94.06,7.26,21.66,2
2026-01-01 06:49:00,39.99,47.74,95.14,10.48,21.95,2
2026-01-01 06:50:00,40.5,48.6,98.1,8.37,22.95,2
2026-01-01 06:51:00,39.48,51.66,101.81,6.87,20.78,2
2026-01-01 06:52:00,42.05,44.74,96.04,8.09,22.77,2
2026-01-01 06:53:00,38.75,51.12,88.69,5.97,21.4,2
2026-01-01 06:54:00,40.28,49.78,95.98,8.87,20.27,2
2026-01-01 06:55:00,41.54,47.13,97.97,8.76,22.98,2
2026-01-01 06:56:00,39.6,46.71,94.39,9.46,21.73,2
2026-01-01 06:57:00,42.01,53.06,102.59,7.53,22.33,2
2026-01-01 06:58:00,41.14,47.51,102.96,8.8,20.59,2
2026-01-01 06:59:00,41.78,47.32,108.62,7.19,24.91,2
2026-01-01 07:00:00,42.12,52.02,108.27,10.26,23.9,2
2026-01-01 07:01:00,43.83,51.02,137.91,12.5,24.34,2
2026-01-01 07:02:00,48.28,50.02,165.26,14.79,23.23,2
2026-01-01 07:03:00,52.31,53.74,181.99,15.47,21.82,2
2026-01-01 07:04:00,52.73,51.41,205.09,18.05,27.42,2
2026-01-01 07:05:00,59.08,57.88,226.31,21.64,25.54,2
2026-01-01 07:06:00,60.48,58.29,251.05,20.91,24.76,2
2026-01-01 07:07:00,66.32,59.28,263.74,22.63,27.56,2
2026-01-01 07:08:00,71.77,60.84,285.27,22.62,30.29,2
2026-01-01 07:09:00,73.61,64.29,308.54,24.92,29.48,2
2026-01-01 07:10:00,76.45,61.76,317.46,27.13,32.94,2
2026-01-01 07:11:00,78.15,59.99,330.15,29.72,33.54,2
2026-01-01 07:12:00,81.21,64.32,339.14,28.44,31.93,3
2026-01-01 07:13:00,84.38,68.7,357.86,30.06,34.21,3
2026-01-01 07:14:00,89.73,64.38,381.62,31.83,39.49,3
2026-01-01 07:15:00,95.92,67.85,409.0,33.96,37.27,3
2026-01-01 07:16:00,98.0,70.13,388.65,33.48,42.22,3
2026-01-01 07:17:00,96.6,68.7,376.1,29.72,39.55,3
2026-01-01 07:18:00,93.83,65.88,347.92,31.49,39.52,3
2026-01-01 07:19:00,87.78,67.97,318.77,26.1,36.58,3
2026-01-01 07:20:00,83.75,68.95,298.59,26.46,34.35,3
2026-01-01 07:21:00,82.53,64.28,280.62,21.95,33.41,3
2026-01-01 07:22:00,81.29,61.65,260.41,23.14,31.94,3
2026-01-01 07:23:00,74.09,57.83,230.04,20.56,33.21,2
2026-01-01 07:24:00,69.0,59.67,210.39,18.46,30.22,2
2026-01-01 07:25:00,64.73,59.86,184.64,14.2,24.91,2
2026-01-01 07:26:00,61.34,57.42,169.21,14.76,28.41,2
2026-01-01 07:27:00,56.29,54.7,151.91,11.14,24.53,2
2026-01-01 07:28:00,53.18,52.43,127.86,10.49,24.77,2
2026-01-01 07:29:00,48.29,49.72,106.26,10.58,23.6,2
2026-01-01 07:30:00,44.11,52.11,82.06,8.17,21.95,2
2026-01-01 07:31:00,42.32,51.64,83.18,7.09,24.09,2
2026-01-01 07:32:00,40.77,46.18,89.3,6.13,22.53,2
2026-01-01 07:33:00,38.81,51.76,85.23,8.21,21.27,2
2026-01-01 07:34:00,38.29,49.55,88.93,7.59,19.93,2
2026-01-01 07:35:00,37.86,51.05,87.17,3.93,20.47,2
2026-01-01 07:36:00,36.95,45.25,84.23,8.33,19.19,2
2026-01-01 07:37:00,36.57,45.07,84.96,7.18,21.6,2
2026-01-01 07:38:00,38.84,48.3,80.98,8.69,20.2,2
2026-01-01 07:39:00,38.67,49.54,79.74,5.13,21.56,2
2026-01-01 07:40:00,36.97,51.53,75.37,1.64,23.71,2
2026-01-01 07:41:00,38.18,49.77,87.16,7.83,23.67,2
2026-01-01 07:42:00,37.5,47.64,88.37,7.95,21.7,2
2026-01-01 07:43:00,39.14,46.65,85.8,4.76,21.91,2
2026-01-01 07:44:00,39.16,51.16,88.0,6.01,24.87,2
2026-01-01 07:45:00,38.48,46.54,88.4,11.65,22.71,2
2026-01-01 07:46:00,38.86,51.86,88.22,7.04,21.5,2
2026-01-01 07:47:00,36.36,47.16,92.24,8.94,19.41,2
2026-01-01 07:48:00,35.71,50.68,96.65,7.24,22.02,2
2026-01-01 07:49:00,35.02,48.61,94.26,4.88,22.55,2
2026-01-01 07:50:00,36.4,47.47,91.84,7.55,20.61,2
2026-01-01 07:51:00,39.64,47.84,91.12,7.35,22.57,2
2026-01-01 07:52:00,41.74,48.93,80.32,6.23,21.97,2
2026-01-01 07:53:00,40.29,49.96,74.32,6.15,21.98,2
2026-01-01 07:54:00,39.76,49.07,83.21,7.47,18.43,2
2026-01-01 07:55:00,36.64,46.64,92.78,7.66,21.26,2
2026-01-01 07:56:00,36.45,47.43,92.11,5.93,23.01,2
2026-01-01 07:57:00,36.2,47.83,95.62,8.86,20.57,2
2026-01-01 07:58:00,36.43,43.49,97.53,5.37,21.64,2
2026-01-01 07:59:00,38.34,49.34,113.12,6.54,20.77,2
2026-01-01 08:00:00,39.45,46.85,117.67,11.11,22.64,2
2026-01-01 08:01:00,37.77,45.91,115.62,10.59,21.47,2
2026-01-01 08:02:00,40.34,45.75,109.59,9.23,20.85,2
2026-01-01 08:03:00,38.67,44.95,100.79,6.47,23.96,2
2026-01-01 08:04:00,39.62,46.15,101.74,7.59,23.52,2
2026-01-01 08:05:00,42.71,48.53,97.82,7.92,21.78,2
2026-01-01 08:06:00,39.74,52.82,90.89,5.33,22.9,2
2026-01-01 08:07:00,35.22,46.28,88.38,6.4,22.15,2
2026-01-01 08:08:00,35.34,47.72,83.9,8.11,22.32,2
2026-01-01 08:09:00,38.18,49.16,93.63,10.1,19.33,2
2026-01-01 08:10:00,41.65,49.84,98.55,7.75,24.01,2
2026-01-01 08:11:00,39.13,48.54,98.62,9.52,21.19,2
2026-01-01 08:12:00,40.61,46.82,106.13,6.15,21.77,2
2026-01-01 08:13:00,40.12,51.94,106.03,10.0,26.18,2
2026-01-01 08:14:00,40.01,52.62,101.24,7.4,22.65,2
2026-01-01 08:15:00,44.58,47.24,108.76,9.71,22.45,2
2026-01-01 08:16:00,41.48,47.47,110.75,9.04,19.16,2
2026-01-01 08:17:00,41.67,49.02,104.7,10.88,24.59,2
2026-01-01 08:18:00,42.02,47.78,103.38,7.48,20.55,2
2026-01-01 08:19:00,42.85,51.01,98.73,9.33,21.21,2
2026-01-01 08:20:00,41.44,48.05,91.92,7.39,21.96,2
2026-01-01 08:21:00,41.2,53.75,97.19,8.02,24.54,2
2026-01-01 08:22:00,40.68,51.62,106.96,8.82,23.48,2
2026-01-01 08:23:00,40.8,49.71,99.41,7.18,22.11,2
2026-01-01 08:24:00,40.17,51.11,102.28,8.67,22.69,2
2026-01-01 08:25:00,40.96,51.55,98.84,8.31,21.47,2
2026-01-01 08:26:00,39.82,47.81,96.5,8.56,22.38,2
2026-01-01 08:27:00,40.02,47.37,93.82,8.1,22.31,2
2026-01-01 08:28:00,39.27,48.9,89.99,8.85,23.52,2
2026-01-01 08:29:00,40.59,50.93,91.03,9.12,23.76,2
2026-01-01 08:30:00,39.44,49.08,87.6,5.87,22.84,2
2026-01-01 08:31:00,36.27,44.54,89.94,8.95,20.98,2
2026-01-01 08:32:00,38.8,46.98,90.49,5.91,23.1,2
2026-01-01 08:33:00,37.17,47.86,90.06,8.54,21.55,2
2026-01-01 08:34:00,36.22,47.53,86.32,8.27,19.9,2
2026-01-01 08:35:00,35.57,51.39,84.53,4.32,20.8,2
2026-01-01 08:36:00,38.45,45.68,89.54,7.75,22.05,2
2026-01-01 08:37:00,35.29,48.36,92.88,7.19,22.72,2
2026-01-01 08:38:00,40.84,52.27,88.57,6.39,22.08,2
2026-01-01 08:39:00,41.43,54.04,89.98,9.67,20.64,2
2026-01-01 08:40:00,40.88,48.5,94.54,7.06,22.44,2
2026-01-01 08:41:00,39.56,49.83,86.63,6.15,22.29,2
2026-01-01 08:42:00,39.47,49.95,90.41,7.8,22.38,2
2026-01-01 08:43:00,39.59,49.25,87.87,8.5,23.51,2
2026-01-01 08:44:00,40.12,48.84,91.69,7.58,23.75,2
2026-01-01 08:45:00,40.11,49.91,88.54,9.28,21.33,2
2026-01-01 08:46:00,38.83,43.53,80.43,7.63,21.07,2
2026-01-01 08:47:00,37.12,49.35,73.86,3.01,20.12,2
2026-01-01 08:48:00,36.23,47.93,76.19,5.68,22.57,2
2026-01-01 08:49:00,35.82,47.09,79.39,5.91,23.62,2
2026-01-01 08:50:00,37.34,52.16,76.52,7.22,21.25,2
2026-01-01 08:51:00,37.87,46.91,81.59,3.0,21.45,2
2026-01-01 08:52:00,32.44,45.55,74.76,10.18,23.04,2
2026-01-01 08:53:00,34.42,51.03,76.45,7.29,21.95,2
2026-01-01 08:54:00,34.72,45.49,72.28,6.37,21.9,2
2026-01-01 08:55:00,34.53,45.99,71.23,7.83,19.43,2
2026-01-01 08:56:00,34.03,46.61,73.77,9.79,22.14,2
2026-01-01 08:57:00,35.81,49.22,71.57,7.39,20.05,2
2026-01-01 08:58:00,36.73,48.27,71.92,7.54,19.91,2
2026-01-01 08:59:00,35.26,44.76,79.2,6.93,20.83,2
2026-01-01 09:00:00,35.99,46.53,77.98,6.42,20.6,2
2026-01-01 09:01:00,34.81,45.97,83.92,6.42,20.93,2
2026-01-01 09:02:00,33.13,46.44,79.56,5.52,18.8,2
2026-01-01 09:03:00,33.46,47.56,83.84,6.1,22.46,2
2026-01-01 09:04:00,36.51,48.61,92.34,5.82,23.26,2
2026-01-01 09:05:00,37.8,44.68,80.6,6.74,18.88,2
2026-01-01 09:06:00,37.81,50.36,78.16,4.12,23.27,2
2026-01-01 09:07:00,38.46,48.97,82.8,7.32,20.71,2
2026-01-01 09:08:00,38.59,51.28,83.16,7.01,23.23,2
2026-01-01 09:09:00,37.17,48.9,86.36,7.56,21.59,2
2026-01-01 09:10:00,37.72,50.4,84.43,6.39,21.83,2
2026-01-01 09:11:00,38.75,49.49,86.11,11.93,21.7,2
2026-01-01 09:12:00,39.37,51.47,86.44,9.39,23.9,2
2026-01-01 09:13:00,40.91,50.36,93.37,6.07,20.5,2
2026-01-01 09:14:00,41.31,49.26,95.17,8.44,23.35,2
2026-01-01 09:15:00,41.19,53.96,97.24,7.35,24.07,2
2026-01-01 09:16:00,42.06,51.5,95.4,6.59,23.64,2
2026-01-01 09:17:00,40.83,50.44,93.33,5.92,25.84,2
2026-01-01 09:18:00,38.64,45.97,91.7,8.44,21.16,2
2026-01-01 09:19:00,38.47,45.89,94.34,7.0,23.36,2
2026-01-01 09:20:00,37.38,48.67,92.69,9.33,21.57,2
2026-01-01 09:21:00,36.91,48.21,94.72,9.54,23.49,2
2026-01-01 09:22:00,38.16,47.13,105.52,11.03,21.86,2
2026-01-01 09:23:00,38.28,48.68,109.44,8.02,21.31,2
2026-01-01 09:24:00,38.91,51.8,107.05,9.81,23.96,2
2026-01-01 09:25:00,37.33,49.46,112.49,10.51,20.98,2
2026-01-01 09:26:00,39.24,46.45,109.45,8.59,19.94,2
2026-01-01 09:27:00,39.41,48.57,98.51,7.22,21.32,2
2026-01-01 09:28:00,37.94,46.67,93.58,10.37,22.76,2
2026-01-01 09:29:00,38.58,47.73,84.74,7.54,24.03,2
2026-01-01 09:30:00,39.38,47.96,84.21,8.11,22.25,2
2026-01-01 09:31:00,36.17,46.71,85.56,6.04,23.49,2
2026-01-01 09:32:00,36.03,45.1,95.1,6.25,19.45,2
2026-01-01 09:33:00,36.06,47.37,97.13,7.4,20.83,2
2026-01-01 09:34:00,35.77,46.4,96.26,8.0,21.01,2
2026-01-01 09:35:00,38.54,42.63,100.71,6.96,21.77,2
2026-01-01 09:36:00,38.03,52.42,89.59,7.6,21.97,2
2026-01-01 09:37:00,37.74,50.39,91.61,5.25,22.83,2
2026-01-01 09:38:00,35.25,46.59,96.13,6.49,20.68,2
2026-01-01 09:39:00,37.1,48.02,89.05,8.58,21.89,2
2026-01-01 09:40:00,35.95,45.24,95.64,9.04,21.4,2
2026-01-01 09:41:00,37.3,51.45,97.68,7.72,20.32,2
2026-01-01 09:42:00,38.36,52.22,95.79,6.62,21.74,2
2026-01-01 09:43:00,40.93,49.64,99.29,6.9,22.15,2
2026-01-01 09:44:00,39.39,50.83,110.7,8.85,21.84,2
2026-01-01 09:45:00,35.83,47.89,110.76,10.38,21.5,2
2026-01-01 09:46:00,38.34,45.75,111.14,10.84,22.02,2
2026-01-01 09:47:00,42.18,48.94,107.95,8.43,21.94,2
2026-01-01 09:48:00,43.49,50.49,103.06,7.03,24.74,2
2026-01-01 09:49:00,43.07,49.17,106.97,9.49,21.0,2
2026-01-01 09:50:00,41.41,49.06,102.13,7.45,21.37,2
2026-01-01 09:51:00,42.29,49.62,102.32,7.92,26.78,2
2026-01-01 09:52:00,40.01,48.84,99.75,10.47,20.64,2
2026-01-01 09:53:00,40.87,49.41,102.16,9.92,20.33,2
2026-01-01 09:54:00,41.58,47.43,103.66,9.05,23.59,2
2026-01-01 09:55:00,43.22,48.69,108.55,7.32,19.66,2
2026-01-01 09:56:00,46.6,48.74,105.32,9.27,23.04,2
2026-01-01 09:57:00,45.13,52.75,103.54,10.4,26.34,2
2026-01-01 09:58:00,42.46,45.65,98.37,7.8,20.32,2
2026-01-01 09:59:00,41.3,51.76,96.27,10.21,19.46,2
2026-01-01 10:00:00,38.53,51.26,104.86,10.85,19.69,2
2026-01-01 10:01:00,39.03,48.06,114.66,12.24,23.37,2
2026-01-01 10:02:00,39.82,43.73,115.27,10.26,23.86,2
2026-01-01 10:03:00,40.83,48.57,124.8,11.49,21.58,2
2026-01-01 10:04:00,43.29,50.02,135.99,13.68,23.82,2
2026-01-01 10:05:00,43.82,48.31,141.58,12.71,24.97,2
2026-01-01 10:06:00,47.94,50.75,154.04,12.34,26.31,2
2026-01-01 10:07:00,48.82,55.15,152.25,12.27,23.42,2
2026-01-01 10:08:00,49.1,53.51,148.24,12.96,20.39,2
2026-01-01 10:09:00,48.35,50.07,141.89,10.12,22.47,2
2026-01-01 10:10:00,49.33,49.07,152.42,12.74,23.24,2
2026-01-01 10:11:00,51.36,52.32,157.9,15.07,23.86,2
2026-01-01 10:12:00,50.24,52.16,159.39,10.26,23.76,2
2026-01-01 10:13:00,50.04,53.51,162.44,16.11,25.69,2
2026-01-01 10:14:00,50.14,51.48,158.21,15.13,25.94,2
2026-01-01 10:15:00,49.63,53.39,172.19,13.95,23.68,2
2026-01-01 10:16:00,50.17,56.43,173.46,15.56,25.68,2
2026-01-01 10:17:00,51.11,54.52,174.53,14.84,24.74,2
2026-01-01 10:18:00,54.04,53.82,178.59,17.03,24.82,2
2026-01-01 10:19:00,55.2,53.95,181.11,16.87,26.3,2
2026-01-01 10:20:00,55.92,53.86,182.14,13.38,25.17,2
2026-01-01 10:21:00,57.08,57.34,178.02,16.01,28.36,2
2026-01-01 10:22:00,56.54,53.53,180.53,15.04,23.02,2
2026-01-01 10:23:00,57.63,55.26,189.9,16.27,24.6,2
2026-01-01 10:24:00,58.01,55.41,195.84,15.55,25.25,2
2026-01-01 10:25:00,59.28,54.75,202.54,19.84,26.33,2
2026-01-01 10:26:00,58.53,52.74,198.18,18.41,27.44,2
2026-01-01 10:27:00,54.81,54.83,191.77,15.19,24.83,2
2026-01-01 10:28:00,55.74,54.39,190.2,14.17,22.9,2
2026-01-01 10:29:00,58.64,56.53,189.67,15.54,26.82,2
2026-01-01 10:30:00,60.11,54.97,194.36,17.17,26.95,2
2026-01-01 10:31:00,60.45,58.6,184.75,16.06,22.97,2
2026-01-01 10:32:00,61.59,54.8,192.02,18.2,26.08,2
2026-01-01 10:33:00,60.49,59.59,190.27,17.36,23.5,2
2026-01-01 10:34:00,59.72,52.41,187.31,17.38,24.75,2
2026-01-01 10:35:00,57.61,56.03,181.67,15.93,24.02,2
2026-01-01 10:36:00,56.1,55.59,173.26,12.64,26.31,2
2026-01-01 10:37:00,56.84,53.3,177.91,14.83,25.41,2
2026-01-01 10:38:00,58.25,56.23,178.45,16.76,23.56,2
2026-01-01 10:39:00,56.7,57.4,172.12,14.55,26.53,2
2026-01-01 10:40:00,54.82,49.75,166.28,14.89,22.72,2
2026-01-01 10:41:00,54.23,54.99,165.7,13.61,25.26,2
2026-01-01 10:42:00,55.42,49.41,175.19,13.35,23.75,2
2026-01-01 10:43:00,53.05,51.64,174.27,14.63,24.0,2
2026-01-01 10:44:00,49.75,55.67,167.22,14.68,24.71,2
2026-01-01 10:45:00,50.2,51.41,167.01,13.21,24.82,2
2026-01-01 10:46:00,49.47,49.97,166.68,13.81,25.91,2
2026-01-01 10:47:00,49.19,51.82,154.27,11.7,23.73,2
2026-01-01 10:48:00,49.68,56.52,156.05,14.94,24.4,2
2026-01-01 10:49:00,49.59,48.69,156.81,12.89,23.27,2
2026-01-01 10:50:00,52.76,51.36,162.15,15.96,24.77,2
2026-01-01 10:51:00,53.88,56.85,172.82,16.98,25.36,2
2026-01-01 10:52:00,55.01,57.97,179.03,15.1,24.75,2
2026-01-01 10:53:00,56.13,54.44,177.76,13.6,22.4,2
2026-01-01 10:54:00,53.85,51.37,172.41,11.53,25.19,2
2026-01-01 10:55:00,56.57,58.99,185.88,13.59,25.73,2
2026-01-01 10:56:00,56.66,58.02,185.71,13.72,24.18,2
2026-01-01 10:57:00,57.8,56.59,185.32,17.82,23.48,2
2026-01-01 10:58:00,55.9,52.94,184.78,15.88,27.28,2
2026-01-01 10:59:00,53.98,53.8,185.38,16.34,25.45,2
2026-01-01 11:00:00,56.21,54.35,184.23,12.33,24.77,2
2026-01-01 11:01:00,56.77,55.53,181.02,13.59,23.51,2
2026-01-01 11:02:00,55.02,57.16,178.21,16.48,23.67,2
2026-01-01 11:03:00,53.93,55.64,178.19,15.58,26.66,2
2026-01-01 11:04:00,56.04,52.46,175.62,14.71,25.29,2
2026-01-01 11:05:00,53.71,56.55,172.4,15.5,23.84,2
2026-01-01 11:06:00,56.52,55.41,173.54,17.2,25.94,2
2026-01-01 11:07:00,54.48,55.44,172.78,14.36,23.59,2
2026-01-01 11:08:00,56.03,57.54,180.88,15.48,27.34,2
2026-01-01 11:09:00,54.66,51.91,167.56,14.53,26.87,2
2026-01-01 11:10:00,55.61,54.39,174.01,18.38,24.31,2
2026-01-01 11:11:00,54.98,53.18,180.72,12.21,23.95,2
2026-01-01 11:12:00,54.42,50.91,170.29,15.5,20.87,2
2026-01-01 11:13:00,54.29,54.69,169.36,14.22,22.55,2
2026-01-01 11:14:00,52.57,58.42,168.35,15.16,22.45,2
2026-01-01 11:15:00,53.64,50.09,162.25,12.8,24.86,2
2026-01-01 11:16:00,52.28,53.23,159.78,13.51,23.92,2
2026-01-01 11:17:00,51.55,54.32,155.84,14.31,22.26,2
2026-01-01 11:18:00,50.67,52.98,166.54,18.82,23.7,2
2026-01-01 11:19:00,48.15,51.63,172.29,15.86,24.43,2
2026-01-01 11:20:00,50.56,50.1,179.27,13.97,24.89,2
2026-01-01 11:21:00,56.29,55.17,182.93,14.91,22.28,2
2026-01-01 11:22:00,57.16,53.49,177.05,14.37,25.1,2
2026-01-01 11:23:00,56.35,50.34,174.67,12.15,23.07,2
2026-01-01 11:24:00,55.66,56.87,177.54,14.6,26.37,2
2026-01-01 11:25:00,55.23,56.25,171.63,15.69,26.12,2
2026-01-01 11:26:00,56.03,54.71,175.86,13.04,23.74,2
2026-01-01 11:27:00,53.9,54.32,174.99,16.45,23.55,2
2026-01-01 11:28:00,55.85,56.7,173.52,15.48,24.36,2
2026-01-01 11:29:00,56.81,55.33,177.59,13.99,21.85,2
2026-01-01 11:30:00,57.6,56.97,180.0,15.09,25.87,2
2026-01-01 11:31:00,57.57,54.56,178.2,17.54,24.95,2
2026-01-01 11:32:00,57.34,57.69,184.14,16.75,26.78,2
2026-01-01 11:33:00,57.77,55.86,178.4,15.18,23.75,2
2026-01-01 11:34:00,58.15,55.74,181.61,15.08,24.54,2
2026-01-01 11:35:00,57.18,52.47,184.45,15.79,23.03,2
2026-01-01 11:36:00,56.08,55.2,182.54,14.75,23.59,2
2026-01-01 11:37:00,56.49,53.11,183.97,12.48,23.39,2
2026-01-01 11:38:00,58.46,54.18,177.4,18.14,27.02,2
2026-01-01 11:39:00,55.89,52.93,182.23,15.72,24.01,2
2026-01-01 11:40:00,53.81,51.7,181.12,15.99,24.87,2
2026-01-01 11:41:00,54.71,58.4,178.42,15.08,24.28,2
2026-01-01 11:42:00,55.5,57.09,183.79,14.52,23.09,2
2026-01-01 11:43:00,55.94,58.42,179.97,15.02,24.82,2
2026-01-01 11:44:00,55.83,52.09,172.93,12.3,25.95,2
2026-01-01 11:45:00,54.55,54.24,165.71,17.5,23.01,2
2026-01-01 11:46:00,56.59,52.22,169.88,12.59,26.4,2
2026-01-01 11:47:00,52.88,52.12,164.29,12.42,23.24,2
2026-01-01 11:48:00,52.33,51.48,174.32,14.16,23.7,2
2026-01-01 11:49:00,52.37,55.81,164.37,15.9,25.22,2
2026-01-01 11:50:00,50.76,51.97,174.1,14.82,23.14,2
2026-01-01 11:51:00,52.02,55.35,175.63,13.07,24.42,2
2026-01-01 11:52:00,55.59,55.67,175.49,16.8,24.53,2
2026-01-01 11:53:00,55.29,58.96,173.13,15.81,25.15,2
2026-01-01 11:54:00,55.58,51.49,175.67,15.74,21.43,2
2026-01-01 11:55:00,53.54,56.26,175.83,16.02,21.89,2
2026-01-01 11:56:00,53.6,56.05,181.68,19.03,25.57,2
2026-01-01 11:57:00,54.02,51.96,182.12,18.76,26.28,2
2026-01-01 11:58:00,54.43,56.06,182.7,14.5,23.43,2
2026-01-01 11:59:00,56.95,55.6,180.67,17.79,24.88,2
2026-01-01 12:00:00,57.48,54.66,180.33,15.9,25.79,2
2026-01-01 12:01:00,56.82,53.24,201.84,17.91,26.27,2
2026-01-01 12:02:00,59.22,54.29,213.14,15.58,22.62,2
2026-01-01 12:03:00,62.13,60.84,226.95,19.04,24.85,2
2026-01-01 12:04:00,66.71,58.35,251.71,20.18,26.51,2
2026-01-01 12:05:00,71.86,61.72,273.23,24.47,29.64,2
2026-01-01 12:06:00,72.69,58.86,292.85,26.5,32.77,2
2026-01-01 12:07:00,74.98,59.68,313.51,23.54,29.9,2
2026-01-01 12:08:00,77.35,64.24,335.77,28.51,29.39,2
2026-01-01 12:09:00,81.67,60.88,353.41,31.72,34.39,3
2026-01-01 12:10:00,86.69,64.51,370.05,31.17,38.43,3
2026-01-01 12:11:00,92.25,67.36,391.82,34.4,39.56,3
2026-01-01 12:12:00,95.38,68.61,407.58,35.17,39.69,3
2026-01-01 12:13:00,98.0,68.94,430.62,37.12,43.88,3
2026-01-01 12:14:00,98.0,70.09,442.86,37.24,43.44,3
2026-01-01 12:15:00,98.0,70.69,469.37,38.07,40.9,3
2026-01-01 12:16:00,98.0,70.77,492.59,40.19,43.01,3
2026-01-01 12:17:00,98.0,67.33,500.0,43.56,43.94,3
2026-01-01 12:18:00,98.0,68.73,500.0,42.53,44.21,3
2026-01-01 12:19:00,98.0,71.69,500.0,42.29,42.34,3
2026-01-01 12:20:00,98.0,71.09,500.0,41.86,41.9,3
2026-01-01 12:21:00,98.0,66.55,500.0,42.04,44.28,3
2026-01-01 12:22:00,98.0,70.0,500.0,44.07,40.62,3
2026-01-01 12:23:00,98.0,65.34,500.0,42.0,43.1,3
2026-01-01 12:24:00,98.0,69.39,493.68,39.95,40.38,3
2026-01-01 12:25:00,98.0,73.1,476.78,41.64,44.04,3
2026-01-01 12:26:00,98.0,67.4,453.41,38.23,42.05,3
2026-01-01 12:27:00,98.0,67.63,434.87,37.01,44.34,3
2026-01-01 12:28:00,98.0,70.83,411.5,37.39,43.18,3
2026-01-01 12:29:00,98.0,66.21,389.12,33.04,40.61,3
2026-01-01 12:30:00,98.0,68.03,362.96,31.29,44.58,3
2026-01-01 12:31:00,93.74,69.0,339.71,27.11,42.51,3
2026-01-01 12:32:00,90.64,65.46,314.57,26.41,39.86,3
2026-01-01 12:33:00,89.37,65.81,291.73,25.71,36.73,3
2026-01-01 12:34:00,82.6,65.4,279.26,21.4,33.82,3
2026-01-01 12:35:00,78.9,63.46,256.17,22.08,32.54,2
2026-01-01 12:36:00,74.88,61.74,251.24,21.51,29.13,2
2026-01-01 12:37:00,72.72,59.77,234.41,19.99,31.58,2
2026-01-01 12:38:00,69.4,60.03,215.78,19.9,27.71,2
2026-01-01 12:39:00,64.58,57.35,191.82,16.81,22.57,2
2026-01-01 12:40:00,62.02,57.62,175.98,17.18,26.67,2
2026-01-01 12:41:00,62.16,55.76,173.42,13.25,25.67,2
2026-01-01 12:42:00,59.34,55.4,174.56,15.04,25.57,2
2026-01-01 12:43:00,59.8,53.95,187.79,16.09,25.21,2
2026-01-01 12:44:00,57.0,54.88,186.69,14.26,26.47,2
2026-01-01 12:45:00,56.05,52.99,191.9,17.75,26.77,2
2026-01-01 12:46:00,57.26,52.81,187.43,19.42,25.73,2
2026-01-01 12:47:00,59.51,56.35,186.66,15.84,25.2,2
2026-01-01 12:48:00,59.86,56.38,194.99,17.33,25.71,2
2026-01-01 12:49:00,58.79,57.14,190.65,16.33,25.61,2
2026-01-01 12:50:00,59.13,54.83,198.86,15.83,24.44,2
2026-01-01 12:51:00,57.62,55.98,200.89,14.34,26.24,2
2026-01-01 12:52:00,59.11,56.79,196.41,15.64,26.33,2
2026-01-01 12:53:00,60.62,57.11,198.26,14.76,28.22,2
2026-01-01 12:54:00,59.84,54.29,201.66,19.7,27.65,2
2026-01-01 12:55:00,59.41,56.09,203.04,17.09,24.66,2
2026-01-01 12:56:00,59.55,56.57,193.34,15.92,26.95,2
2026-01-01 12:57:00,58.25,55.4,188.64,17.37,24.06,2
2026-01-01 12:58:00,57.84,51.07,186.71,14.19,26.45,2
2026-01-01 12:59:00,60.75,56.58,185.8,14.64,25.16,2
2026-01-01 13:00:00,59.31,60.18,188.44,16.12,24.14,2
2026-01-01 13:01:00,58.22,54.66,188.65,17.58,25.9,2
2026-01-01 13:02:00,56.56,53.34,181.28,16.16,21.17,2
2026-01-01 13:03:00,57.7,55.94,183.08,15.93,22.76,2
2026-01-01 13:04:00,57.24,55.66,185.89,15.92,25.04,2
2026-01-01 13:05:00,56.41,57.13,188.22,16.6,25.28,2
2026-01-01 13:06:00,59.16,53.19,192.96,16.7,25.09,2
2026-01-01 13:07:00,61.31,57.92,196.1,15.12,23.67,2
2026-01-01 13:08:00,59.75,57.09,197.1,16.82,24.53,2
2026-01-01 13:09:00,56.71,54.56,195.39,15.0,25.8,2
2026-01-01 13:10:00,58.38,56.11,185.85,15.92,26.38,2
2026-01-01 13:11:00,57.05,57.03,187.53,15.22,25.24,2
2026-01-01 13:12:00,58.43,57.19,187.97,19.79,27.25,2
2026-01-01 13:13:00,55.23,52.04,188.69,15.98,25.54,2
2026-01-01 13:14:00,56.95,56.57,181.61,13.33,24.13,2
2026-01-01 13:15:00,54.53,53.95,176.07,14.76,24.39,2
2026-01-01 13:16:00,56.25,54.83,181.65,16.22,23.02,2
2026-01-01 13:17:00,56.28,54.84,181.32,17.92,24.97,2
2026-01-01 13:18:00,55.07,53.98,184.63,14.81,26.58,2
2026-01-01 13:19:00,55.1,56.67,184.4,13.3,25.95,2
2026-01-01 13:20:00,56.74,54.69,184.19,16.88,27.32,2
2026-01-01 13:21:00,57.24,52.79,188.55,13.96,24.85,2
2026-01-01 13:22:00,58.05,54.53,185.29,15.1,27.47,2
2026-01-01 13:23:00,60.67,56.59,185.34,15.37,25.63,2
2026-01-01 13:24:00,56.87,57.36,182.6,15.42,27.44,2
2026-01-01 13:25:00,59.01,56.86,180.22,16.35,25.59,2
2026-01-01 13:26:00,58.02,53.61,178.66,14.16,26.5,2
2026-01-01 13:27:00,55.96,59.55,179.88,14.88,27.28,2
2026-01-01 13:28:00,53.8,54.36,177.49,15.07,24.39,2
2026-01-01 13:29:00,54.56,56.65,183.97,15.86,25.15,2
2026-01-01 13:30:00,56.39,54.43,179.18,15.38,27.08,2
2026-01-01 13:31:00,55.95,55.65,178.31,15.81,24.87,2
2026-01-01 13:32:00,57.97,56.97,176.25,16.25,23.45,2
2026-01-01 13:33:00,55.37,56.82,183.78,16.21,28.18,2
2026-01-01 13:34:00,55.88,56.67,184.46,16.36,24.35,2
2026-01-01 13:35:00,54.69,55.89,189.27,13.71,25.08,2
2026-01-01 13:36:00,55.77,53.89,181.1,15.47,26.77,2
2026-01-01 13:37:00,57.35,53.93,182.34,16.22,24.41,2
2026-01-01 13:38:00,56.71,55.51,186.61,16.95,23.7,2
2026-01-01 13:39:00,53.01,55.42,186.49,14.81,24.92,2
2026-01-01 13:40:00,55.14,53.85,191.3,15.27,22.24,2
2026-01-01 13:41:00,56.65,56.96,187.81,15.1,24.76,2
2026-01-01 13:42:00,58.02,58.21,194.23,17.31,25.81,2
2026-01-01 13:43:00,60.89,54.48,204.58,18.94,25.56,2
2026-01-01 13:44:00,59.03,53.99,200.8,16.46,23.31,2
2026-01-01 13:45:00,60.17,55.78,196.91,18.1,28.22,2
2026-01-01 13:46:00,62.1,57.35,202.83,17.43,26.33,2
2026-01-01 13:47:00,59.32,54.71,208.9,17.57,27.82,2
2026-01-01 13:48:00,60.31,58.81,203.97,17.02,25.47,2
2026-01-01 13:49:00,59.45,56.65,199.95,18.12,24.38,2
2026-01-01 13:50:00,59.3,55.84,196.95,17.23,26.08,2
2026-01-01 13:51:00,59.29,52.88,188.87,19.47,25.35,2
2026-01-01 13:52:00,57.66,52.55,183.57,14.32,23.61,2
2026-01-01 13:53:00,55.94,55.14,178.26,15.93,27.27,2
2026-01-01 13:54:00,55.63,50.21,174.56,14.04,24.08,2
2026-01-01 13:55:00,53.77,55.84,174.82,13.56,21.92,2
2026-01-01 13:56:00,52.67,53.12,176.41,14.98,26.47,2
2026-01-01 13:57:00,55.17,60.79,184.45,15.88,24.17,2
2026-01-01 13:58:00,53.67,58.4,179.1,19.6,23.75,2
2026-01-01 13:59:00,55.77,54.16,184.09,15.37,22.39,2
2026-01-01 14:00:00,56.73,54.64,182.7,13.83,27.82,2
2026-01-01 14:01:00,54.05,55.91,182.23,15.9,22.79,2
2026-01-01 14:02:00,54.09,57.34,185.43,12.65,24.82,2
2026-01-01 14:03:00,56.51,51.5,179.38,15.11,26.54,2
2026-01-01 14:04:00,54.95,50.66,181.34,15.44,25.52,2
2026-01-01 14:05:00,54.77,52.92,182.07,16.67,24.77,2
2026-01-01 14:06:00,56.2,55.83,184.36,17.13,22.56,2
2026-01-01 14:07:00,57.69,56.18,185.46,15.01,24.17,2
2026-01-01 14:08:00,57.93,57.41,197.3,16.54,25.71,2
2026-01-01 14:09:00,57.25,52.64,192.73,15.23,24.12,2
2026-01-01 14:10:00,59.58,51.22,189.05,14.38,26.03,2
2026-01-01 14:11:00,61.3,58.17,185.21,16.21,27.06,2
2026-01-01 14:12:00,61.05,54.71,182.02,13.56,27.43,2
2026-01-01 14:13:00,59.32,51.73,178.67,14.57,23.84,2
2026-01-01 14:14:00,57.28,55.34,184.72,14.21,28.6,2
2026-01-01 14:15:00,56.39,56.32,191.45,17.1,26.3,2
2026-01-01 14:16:00,57.57,54.91,187.68,18.65,25.36,2
2026-01-01 14:17:00,57.85,54.33,182.9,13.59,27.05,2
2026-01-01 14:18:00,59.66,55.56,185.03,12.95,29.29,2
2026-01-01 14:19:00,59.48,55.08,181.86,15.27,23.55,2
2026-01-01 14:20:00,56.35,52.03,184.88,15.74,24.81,2
2026-01-01 14:21:00,58.19,53.94,185.5,16.1,21.91,2
2026-01-01 14:22:00,55.75,55.56,177.48,14.42,25.32,2
2026-01-01 14:23:00,55.64,55.12,185.42,15.46,25.56,2
2026-01-01 14:24:00,57.12,55.33,193.97,17.04,25.22,2
2026-01-01 14:25:00,60.41,54.15,189.79,17.69,24.89,2
2026-01-01 14:26:00,64.02,57.05,187.07,12.97,23.45,2
2026-01-01 14:27:00,62.68,52.58,187.93,15.42,26.84,2
2026-01-01 14:28:00,60.7,56.6,188.97,16.38,28.11,2
2026-01-01 14:29:00,60.66,59.09,191.54,14.9,25.03,2
2026-01-01 14:30:00,61.81,53.68,200.67,19.65,26.79,2
2026-01-01 14:31:00,60.56,55.03,198.13,15.89,23.55,2
2026-01-01 14:32:00,62.55,57.55,192.69,16.32,26.94,2
2026-01-01 14:33:00,60.94,58.83,184.78,16.54,25.38,2
2026-01-01 14:34:00,60.01,55.11,180.74,14.48,24.66,2
2026-01-01 14:35:00,59.64,54.49,180.52,12.57,24.59,2
2026-01-01 14:36:00,59.66,51.94,189.45,15.46,25.15,2
2026-01-01 14:37:00,60.06,56.23,186.1,17.36,26.39,2
2026-01-01 14:38:00,58.19,59.45,186.73,15.37,23.51,2
2026-01-01 14:39:00,57.01,55.51,186.11,14.55,24.67,2
2026-01-01 14:40:00,55.82,54.49,191.57,17.67,24.98,2
2026-01-01 14:41:00,58.17,56.0,203.28,16.78,23.82,2
2026-01-01 14:42:00,59.89,55.94,198.76,16.13,28.48,2
2026-01-01 14:43:00,60.25,54.46,194.81,16.78,24.57,2
2026-01-01 14:44:00,62.6,58.56,198.85,18.06,25.26,2
2026-01-01 14:45:00,61.73,57.06,200.75,20.64,24.64,2
2026-01-01 14:46:00,62.71,56.98,208.32,18.95,28.99,2
2026-01-01 14:47:00,60.75,54.31,208.98,19.5,26.76,2
2026-01-01 14:48:00,60.25,58.69,204.86,16.65,24.44,2
2026-01-01 14:49:00,61.61,57.89,205.83,15.96,27.75,2
2026-01-01 14:50:00,62.97,55.93,209.3,17.88,26.64,2
2026-01-01 14:51:00,62.27,58.8,211.06,18.1,26.59,2
2026-01-01 14:52:00,62.14,55.76,211.11,16.33,25.67,2
2026-01-01 14:53:00,60.09,54.47,213.96,17.92,24.69,2
2026-01-01 14:54:00,60.72,54.73,217.09,19.05,26.44,2
2026-01-01 14:55:00,63.28,53.6,221.03,19.33,25.57,2
2026-01-01 14:56:00,64.46,58.5,220.99,19.54,29.33,2
2026-01-01 14:57:00,64.83,54.03,216.88,18.87,24.77,2
2026-01-01 14:58:00,64.24,55.03,214.66,17.49,28.87,2
2026-01-01 14:59:00,64.02,53.26,217.92,17.75,26.36,2
2026-01-01 15:00:00,62.38,56.66,210.8,16.12,26.68,2
2026-01-01 15:01:00,63.31,56.86,210.18,20.54,27.65,2
2026-01-01 15:02:00,63.19,56.46,205.8,17.51,25.43,2
2026-01-01 15:03:00,63.08,54.99,203.88,16.99,27.65,2
2026-01-01 15:04:00,61.8,54.29,208.36,16.32,22.06,2
2026-01-01 15:05:00,58.43,56.38,207.05,22.0,24.44,2
2026-01-01 15:06:00,60.99,55.24,205.12,15.82,24.59,2
2026-01-01 15:07:00,59.66,56.52,196.31,16.04,23.86,2
2026-01-01 15:08:00,58.4,53.67,198.73,17.52,25.19,2
2026-01-01 15:09:00,60.03,56.37,200.46,17.94,26.38,2
2026-01-01 15:10:00,60.11,58.64,209.64,19.26,26.87,2
2026-01-01 15:11:00,62.06,57.89,205.73,20.2,26.53,2
2026-01-01 15:12:00,62.6,56.08,204.77,18.16,25.27,2
2026-01-01 15:13:00,63.0,57.56,204.03,15.76,26.89,2
2026-01-01 15:14:00,60.6,55.73,210.0,17.46,26.09,2
2026-01-01 15:15:00,62.71,56.96,207.12,18.07,27.69,2
2026-01-01 15:16:00,62.6,56.26,206.35,20.64,27.43,2
2026-01-01 15:17:00,61.64,56.25,207.28,15.52,26.14,2
2026-01-01 15:18:00,61.7,57.02,206.03,19.32,24.76,2
2026-01-01 15:19:00,58.56,53.51,201.72,17.42,24.56,2
2026-01-01 15:20:00,59.75,53.88,200.95,18.34,24.93,2
2026-01-01 15:21:00,58.62,52.74,204.64,17.24,25.08,2
2026-01-01 15:22:00,56.9,51.71,197.54,15.53,25.64,2
2026-01-01 15:23:00,55.48,51.98,196.8,17.85,26.06,2
2026-01-01 15:24:00,58.17,55.68,191.95,17.3,25.39,2
2026-01-01 15:25:00,57.65,53.39,196.97,18.2,25.4,2
2026-01-01 15:26:00,59.93,57.0,188.0,15.96,26.0,2
2026-01-01 15:27:00,58.07,55.4,184.57,14.79,24.68,2
2026-01-01 15:28:00,55.21,50.39,186.09,13.48,23.55,2
2026-01-01 15:29:00,54.75,55.47,193.43,17.67,22.22,2
2026-01-01 15:30:00,57.88,56.88,192.02,16.96,24.38,2
2026-01-01 15:31:00,57.57,53.16,188.29,14.56,26.07,2
2026-01-01 15:32:00,57.39,55.93,197.03,15.94,24.28,2
2026-01-01 15:33:00,57.73,53.49,188.43,15.32,25.04,2
2026-01-01 15:34:00,57.65,55.37,176.76,12.8,26.08,2
2026-01-01 15:35:00,58.7,53.01,179.22,14.01,26.35,2
2026-01-01 15:36:00,59.7,52.31,176.77,13.32,24.13,2
2026-01-01 15:37:00,57.3,54.29,171.92,13.99,26.81,2
2026-01-01 15:38:00,54.58,53.86,176.11,13.86,26.52,2
2026-01-01 15:39:00,54.29,53.21,177.64,12.66,23.08,2
2026-01-01 15:40:00,54.93,51.86,175.01,17.91,23.65,2
2026-01-01 15:41:00,53.09,52.78,169.01,16.24,26.34,2
2026-01-01 15:42:00,52.27,53.83,174.25,13.64,24.19,2
2026-01-01 15:43:00,53.95,53.79,177.96,15.54,21.38,2
2026-01-01 15:44:00,54.43,54.41,177.63,15.72,22.7,2
2026-01-01 15:45:00,55.52,53.09,187.05,17.69,24.62,2
2026-01-01 15:46:00,54.63,56.46,181.14,14.17,23.09,2
2026-01-01 15:47:00,54.3,51.65,173.42,16.38,24.15,2
2026-01-01 15:48:00,52.84,54.47,170.48,13.67,24.56,2
2026-01-01 15:49:00,54.66,56.49,171.02,12.53,27.03,2
2026-01-01 15:50:00,56.19,55.63,172.95,15.79,24.68,2
2026-01-01 15:51:00,52.81,53.08,172.31,16.58,26.12,2
2026-01-01 15:52:00,52.16,52.2,174.69,18.73,26.53,2
2026-01-01 15:53:00,50.48,54.74,168.85,12.55,26.24,2
2026-01-01 15:54:00,51.22,50.08,176.96,16.09,24.65,2
2026-01-01 15:55:00,52.55,51.45,176.8,14.41,21.51,2
2026-01-01 15:56:00,51.77,52.32,182.64,16.7,25.01,2
2026-01-01 15:57:00,52.15,55.73,184.14,13.45,25.96,2
2026-01-01 15:58:00,52.42,54.11,186.09,13.92,24.31,2
2026-01-01 15:59:00,54.58,52.17,188.46,14.85,27.44,2
2026-01-01 16:00:00,55.88,53.94,190.02,16.27,26.35,2
2026-01-01 16:01:00,55.71,53.27,192.43,15.39,25.88,2
2026-01-01 16:02:00,57.34,53.65,198.08,17.83,26.95,2
2026-01-01 16:03:00,57.29,57.01,197.62,18.34,25.81,2
2026-01-01 16:04:00,57.81,52.49,199.75,17.88,21.67,2
2026-01-01 16:05:00,60.93,59.54,197.72,19.23,25.22,2
2026-01-01 16:06:00,62.86,58.66,203.51,17.92,28.11,2
2026-01-01 16:07:00,59.79,58.11,198.24,15.03,24.55,2
2026-01-01 16:08:00,61.51,55.6,205.79,19.54,25.74,2
2026-01-01 16:09:00,62.45,56.56,203.53,16.39,24.67,2
2026-01-01 16:10:00,59.48,52.95,194.49,17.9,28.38,2
2026-01-01 16:11:00,60.47,55.11,193.97,18.85,28.41,2
2026-01-01 16:12:00,61.87,57.64,189.45,16.79,24.81,2
2026-01-01 16:13:00,59.04,58.25,192.9,14.15,25.85,2
2026-01-01 16:14:00,57.2,52.81,188.6,14.65,24.28,2
2026-01-01 16:15:00,58.7,54.82,185.68,17.77,26.49,2
2026-01-01 16:16:00,57.87,54.95,175.78,14.69,26.18,2
2026-01-01 16:17:00,57.61,52.37,173.86,14.9,26.59,2
2026-01-01 16:18:00,56.31,55.89,162.23,14.93,25.63,2
2026-01-01 16:19:00,55.09,52.83,155.73,14.28,29.32,2
2026-01-01 16:20:00,52.12,52.85,161.47,14.14,22.84,2
2026-01-01 16:21:00,54.13,53.04,166.88,13.87,22.18,2
2026-01-01 16:22:00,55.85,52.97,170.06,13.99,24.46,2
2026-01-01 16:23:00,54.58,54.09,166.02,15.4,22.47,2
2026-01-01 16:24:00,54.09,53.5,166.9,15.02,22.5,2
2026-01-01 16:25:00,51.62,52.32,167.93,13.89,22.79,2
2026-01-01 16:26:00,52.74,52.0,163.1,15.49,23.11,2
2026-01-01 16:27:00,54.18,54.6,171.97,14.42,23.32,2
2026-01-01 16:28:00,54.51,57.39,177.0,13.77,25.59,2
2026-01-01 16:29:00,56.45,55.04,176.14,13.83,24.4,2
2026-01-01 16:30:00,55.55,56.44,176.58,13.54,24.73,2
2026-01-01 16:31:00,56.41,51.96,177.9,14.71,26.49,2
2026-01-01 16:32:00,53.89,54.18,167.86,16.12,23.55,2
2026-01-01 16:33:00,53.72,51.61,167.59,13.04,24.27,2
2026-01-01 16:34:00,53.22,50.67,165.17,14.32,25.13,2
2026-01-01 16:35:00,53.23,52.15,161.35,12.73,21.67,2
2026-01-01 16:36:00,52.34,55.7,161.44,13.33,20.84,2
2026-01-01 16:37:00,52.86,55.4,171.91,12.35,25.03,2
2026-01-01 16:38:00,54.9,54.7,175.76,14.61,25.62,2
2026-01-01 16:39:00,54.16,50.89,173.25,14.44,27.84,2
2026-01-01 16:40:00,52.16,52.86,176.65,15.83,24.63,2
2026-01-01 16:41:00,57.8,55.83,203.91,17.67,26.63,2
2026-01-01 16:42:00,62.62,57.27,228.22,17.6,25.98,2
2026-01-01 16:43:00,63.11,53.4,247.86,22.69,26.81,2
2026-01-01 16:44:00,67.54,56.86,264.0,22.76,29.66,2
2026-01-01 16:45:00,70.25,59.46,287.17,24.71,24.55,2
2026-01-01 16:46:00,74.66,62.2,308.57,26.21,30.69,2
2026-01-01 16:47:00,79.23,58.34,332.36,27.47,35.7,2
2026-01-01 16:48:00,82.97,63.71,354.54,30.46,34.9,3
2026-01-01 16:49:00,86.26,65.48,378.63,32.9,38.69,3
2026-01-01 16:50:00,89.64,68.07,394.46,30.91,37.07,3
2026-01-01 16:51:00,93.29,69.04,419.89,34.88,39.89,3
2026-01-01 16:52:00,97.14,70.16,439.29,36.96,42.03,3
2026-01-01 16:53:00,98.0,67.7,468.12,40.17,39.11,3
2026-01-01 16:54:00,98.0,65.48,482.43,42.8,40.69,3
2026-01-01 16:55:00,98.0,68.51,500.0,41.34,40.79,3
2026-01-01 16:56:00,98.0,71.3,500.0,41.75,43.67,3
2026-01-01 16:57:00,98.0,72.09,500.0,41.73,43.75,3
2026-01-01 16:58:00,98.0,70.72,500.0,41.3,42.93,3
2026-01-01 16:59:00,98.0,70.16,500.0,41.98,43.68,3
2026-01-01 17:00:00,98.0,70.06,491.29,42.92,42.19,3
2026-01-01 17:01:00,98.0,68.19,468.2,38.22,44.24,3
2026-01-01 17:02:00,98.0,69.04,439.88,38.03,42.45,3
2026-01-01 17:03:00,98.0,72.64,414.97,32.72,42.53,3
2026-01-01 17:04:00,98.0,67.41,401.28,33.27,42.04,3
2026-01-01 17:05:00,98.0,72.53,385.01,32.23,43.47,3
2026-01-01 17:06:00,98.0,68.66,362.0,33.28,41.81,3
2026-01-01 17:07:00,95.34,71.02,337.23,28.25,42.49,3
2026-01-01 17:08:00,90.95,64.02,313.25,23.32,37.01,3
2026-01-01 17:09:00,87.59,66.83,292.06,21.83,35.27,3
2026-01-01 17:10:00,82.01,62.23,262.78,22.39,35.0,3
2026-01-01 17:11:00,78.58,59.67,238.07,21.16,32.02,2
2026-01-01 17:12:00,76.09,62.07,206.68,18.13,30.15,2
2026-01-01 17:13:00,68.34,60.94,186.54,16.11,28.64,2
2026-01-01 17:14:00,61.08,54.69,167.65,15.99,25.08,2
2026-01-01 17:15:00,57.17,52.01,143.03,11.35,24.99,2
2026-01-01 17:16:00,55.68,54.3,149.05,14.01,27.12,2
2026-01-01 17:17:00,52.69,53.27,140.6,9.5,26.79,2
2026-01-01 17:18:00,52.64,54.52,131.63,9.83,26.83,2
2026-01-01 17:19:00,48.44,53.85,131.82,8.49,23.3,2
2026-01-01 17:20:00,49.05,52.05,136.11,11.16,25.68,2
2026-01-01 17:21:00,48.0,55.51,143.24,12.11,22.22,2
2026-01-01 17:22:00,50.52,53.13,139.09,11.99,22.73,2
2026-01-01 17:23:00,52.83,52.8,142.96,12.24,20.98,2
2026-01-01 17:24:00,50.06,49.3,140.93,10.59,26.52,2
2026-01-01 17:25:00,48.4,51.41,138.39,11.48,22.42,2
2026-01-01 17:26:00,49.64,51.7,141.34,9.77,23.75,2
2026-01-01 17:27:00,48.69,53.96,142.89,14.19,22.4,2
2026-01-01 17:28:00,47.9,52.69,133.18,10.86,24.67,2
2026-01-01 17:29:00,47.94,49.42,139.51,11.12,23.07,2
2026-01-01 17:30:00,45.42,51.24,144.85,14.7,21.22,2
2026-01-01 17:31:00,46.28,52.54,139.73,10.01,23.99,2
2026-01-01 17:32:00,45.86,54.11,140.13,10.22,21.1,2
2026-01-01 17:33:00,45.94,52.85,140.99,10.34,22.01,2
2026-01-01 17:34:00,48.87,53.63,140.61,11.85,20.64,2
2026-01-01 17:35:00,46.41,51.37,136.21,12.23,21.22,2
2026-01-01 17:36:00,47.6,52.44,131.56,12.29,23.84,2
2026-01-01 17:37:00,46.66,53.83,130.51,14.95,20.45,2
2026-01-01 17:38:00,46.39,48.57,135.53,8.15,21.13,2
2026-01-01 17:39:00,47.93,51.08,137.01,12.56,23.62,2
2026-01-01 17:40:00,48.03,50.27,133.79,10.54,22.83,2
2026-01-01 17:41:00,48.63,52.78,136.55,10.73,26.74,2
2026-01-01 17:42:00,48.53,54.45,120.98,9.35,26.49,2
2026-01-01 17:43:00,46.91,50.23,126.65,9.4,22.14,2
2026-01-01 17:44:00,44.8,45.9,117.42,12.51,23.9,2
2026-01-01 17:45:00,42.6,49.08,115.81,11.11,23.79,2
2026-01-01 17:46:00,41.19,51.24,110.55,9.43,21.52,2
2026-01-01 17:47:00,45.53,52.01,104.83,10.94,20.95,2
2026-01-01 17:48:00,46.29,52.06,111.85,7.24,23.31,2
2026-01-01 17:49:00,42.78,49.41,110.16,7.37,22.44,2
2026-01-01 17:50:00,40.71,46.69,112.68,6.31,21.67,2
2026-01-01 17:51:00,42.1,50.76,113.03,8.56,23.24,2
2026-01-01 17:52:00,43.3,48.49,115.97,10.1,21.67,2
2026-01-01 17:53:00,44.14,54.82,116.68,10.07,21.22,2
2026-01-01 17:54:00,43.04,51.21,110.53,9.62,22.91,2
2026-01-01 17:55:00,42.93,48.86,116.27,7.77,23.31,2
2026-01-01 17:56:00,43.38,48.96,114.1,10.9,21.04,2
2026-01-01 17:57:00,42.8,49.8,106.79,9.44,24.1,2
2026-01-01 17:58:00,38.89,48.13,105.71,10.08,19.34,2
2026-01-01 17:59:00,39.94,51.21,114.35,6.88,21.32,2
2026-01-01 18:00:00,40.02,49.38,119.06,10.59,21.82,2
2026-01-01 18:01:00,41.49,48.06,117.39,8.2,21.51,2
2026-01-01 18:02:00,46.56,55.08,115.85,9.25,22.53,2
2026-01-01 18:03:00,45.83,51.14,114.57,10.54,26.06,2
2026-01-01 18:04:00,45.1,52.32,125.39,10.79,21.84,2
2026-01-01 18:05:00,46.58,50.09,126.87,9.51,27.05,2
2026-01-01 18:06:00,46.99,52.17,128.47,10.93,24.11,2
2026-01-01 18:07:00,47.48,52.24,132.94,9.0,23.68,2
2026-01-01 18:08:00,48.09,48.05,133.1,13.04,24.37,2
2026-01-01 18:09:00,50.5,56.7,130.76,10.81,27.88,2
2026-01-01 18:10:00,47.15,54.08,128.92,12.64,22.0,2
2026-01-01 18:11:00,47.31,50.76,127.85,10.08,21.83,2
2026-01-01 18:12:00,45.25,48.63,127.03,10.01,22.01,2
2026-01-01 18:13:00,46.36,51.92,130.11,9.91,23.39,2
2026-01-01 18:14:00,44.82,50.86,129.56,12.33,20.48,2
2026-01-01 18:15:00,44.78,51.38,132.46,10.19,23.09,2
2026-01-01 18:16:00,44.84,51.08,131.06,12.11,25.61,2
2026-01-01 18:17:00,46.75,52.37,130.57,10.52,23.64,2
2026-01-01 18:18:00,47.15,54.4,119.73,7.21,23.05,2
2026-01-01 18:19:00,44.48,51.7,124.33,9.71,22.08,2
2026-01-01 18:20:00,44.79,48.58,125.72,8.92,24.41,2
2026-01-01 18:21:00,44.17,53.18,130.25,11.12,21.71,2
2026-01-01 18:22:00,41.87,52.94,114.95,7.99,25.31,2
2026-01-01 18:23:00,42.69,56.25,125.8,12.08,25.59,2
2026-01-01 18:24:00,43.01,47.81,124.63,10.46,23.13,2
2026-01-01 18:25:00,47.69,52.18,129.8,10.77,23.57,2
2026-01-01 18:26:00,47.31,47.4,123.82,11.51,25.06,2
2026-01-01 18:27:00,44.55,51.7,126.58,12.21,24.66,2
2026-01-01 18:28:00,43.56,49.15,120.79,10.24,21.63,2
2026-01-01 18:29:00,45.08,54.63,117.6,8.84,22.32,2
2026-01-01 18:30:00,48.35,50.37,127.37,8.17,21.72,2
2026-01-01 18:31:00,44.86,47.32,125.82,9.67,23.69,2
2026-01-01 18:32:00,42.19,48.82,126.44,9.82,23.59,2
2026-01-01 18:33:00,46.35,47.27,130.28,11.23,21.32,2
2026-01-01 18:34:00,46.95,52.93,131.94,10.7,22.77,2
2026-01-01 18:35:00,45.43,46.77,131.73,12.23,21.16,2
2026-01-01 18:36:00,46.62,51.37,132.62,10.35,22.04,2
2026-01-01 18:37:00,43.4,46.03,143.63,12.12,23.64,2
2026-01-01 18:38:00,45.12,50.15,141.45,13.8,22.02,2
2026-01-01 18:39:00,46.67,54.62,140.74,12.48,22.95,2
2026-01-01 18:40:00,48.82,52.81,144.33,12.18,21.35,2
2026-01-01 18:41:00,47.57,49.92,147.91,11.67,23.84,2
2026-01-01 18:42:00,48.66,51.97,151.62,11.94,23.69,2
2026-01-01 18:43:00,47.9,51.8,152.28,11.67,22.53,2
2026-01-01 18:44:00,48.6,52.95,143.98,11.43,23.46,2
2026-01-01 18:45:00,47.76,48.98,150.23,13.9,23.87,2
2026-01-01 18:46:00,47.38,52.77,142.08,11.74,22.31,2
2026-01-01 18:47:00,46.23,45.77,141.83,10.03,21.11,2
2026-01-01 18:48:00,47.57,50.39,136.31,14.24,26.27,2
2026-01-01 18:49:00,48.63,51.05,134.68,11.93,22.8,2
2026-01-01 18:50:00,47.72,52.97,135.15,9.38,23.44,2
2026-01-01 18:51:00,47.56,51.69,135.55,10.86,25.08,2
2026-01-01 18:52:00,45.29,48.04,136.41,11.76,28.45,2
2026-01-01 18:53:00,46.01,49.13,143.17,14.73,21.42,2
2026-01-01 18:54:00,46.88,51.81,143.58,10.54,24.11,2
2026-01-01 18:55:00,51.24,52.78,140.48,13.4,23.16,2
2026-01-01 18:56:00,48.69,50.88,143.66,14.31,22.96,2
2026-01-01 18:57:00,51.19,51.95,147.71,11.61,23.13,2
2026-01-01 18:58:00,51.52,54.42,139.36,11.43,22.59,2
2026-01-01 18:59:00,50.77,51.73,140.8,10.41,24.08,2
2026-01-01 19:00:00,52.62,53.24,142.64,11.82,22.26,2
2026-01-01 19:01:00,51.52,57.37,139.34,11.79,25.69,2
2026-01-01 19:02:00,51.2,50.07,144.67,13.29,24.3,2
2026-01-01 19:03:00,50.13,48.84,141.95,13.7,24.66,2
2026-01-01 19:04:00,51.28,54.52,140.82,10.85,23.53,2
2026-01-01 19:05:00,51.66,51.72,138.29,8.8,23.75,2
2026-01-01 19:06:00,49.22,51.59,136.9,11.6,24.29,2
2026-01-01 19:07:00,46.12,49.58,130.07,11.5,21.56,2
2026-01-01 19:08:00,45.22,50.31,122.06,10.75,22.6,2
2026-01-01 19:09:00,44.28,53.7,129.87,10.55,21.68,2
2026-01-01 19:10:00,44.43,52.15,124.85,10.8,21.66,2
2026-01-01 19:11:00,46.1,52.86,119.5,12.43,20.13,2
2026-01-01 19:12:00,43.89,47.53,108.77,9.82,24.91,2
2026-01-01 19:13:00,42.92,47.72,106.48,8.49,21.7,2
2026-01-01 19:14:00,42.05,44.04,100.94,7.83,24.31,2
2026-01-01 19:15:00,43.35,48.55,110.68,9.15,24.41,2
2026-01-01 19:16:00,39.96,50.9,116.47,12.36,20.26,2
2026-01-01 19:17:00,40.0,50.03,113.31,9.36,20.57,2
2026-01-01 19:18:00,42.07,49.28,125.11,10.6,26.41,2
2026-01-01 19:19:00,45.22,50.78,129.61,10.29,25.77,2
2026-01-01 19:20:00,44.56,49.22,127.22,12.46,22.97,2
2026-01-01 19:21:00,41.14,49.81,114.14,12.64,22.79,2
2026-01-01 19:22:00,43.5,51.76,126.07,11.39,21.88,2
2026-01-01 19:23:00,42.62,46.69,118.63,10.21,23.32,2
2026-01-01 19:24:00,40.66,49.83,110.52,9.45,21.24,2
2026-01-01 19:25:00,40.64,51.09,116.39,6.32,19.27,2
2026-01-01 19:26:00,42.16,48.93,128.88,12.07,20.61,2
2026-01-01 19:27:00,42.95,51.43,135.09,11.68,22.76,2
2026-01-01 19:28:00,41.18,55.04,136.7,12.26,20.72,2
2026-01-01 19:29:00,44.8,50.47,138.34,10.69,22.96,2
2026-01-01 19:30:00,47.91,52.55,141.14,11.42,22.01,2
2026-01-01 19:31:00,49.15,50.72,143.24,11.56,22.67,2
2026-01-01 19:32:00,47.23,51.89,142.79,13.67,24.78,2
2026-01-01 19:33:00,47.3,52.48,141.49,11.46,23.89,2
2026-01-01 19:34:00,47.5,52.01,139.45,14.98,23.54,2
2026-01-01 19:35:00,48.16,49.82,134.13,12.05,24.99,2
2026-01-01 19:36:00,48.52,52.39,131.59,9.27,24.45,2
2026-01-01 19:37:00,45.99,54.02,122.2,10.19,25.45,2
2026-01-01 19:38:00,45.52,51.83,121.53,9.35,22.5,2
2026-01-01 19:39:00,45.43,52.82,116.47,6.61,22.53,2
2026-01-01 19:40:00,46.5,50.8,111.23,11.85,21.42,2
2026-01-01 19:41:00,47.49,53.12,131.5,12.23,22.9,2
2026-01-01 19:42:00,50.09,53.09,157.7,14.2,25.46,2
2026-01-01 19:43:00,52.35,51.42,180.93,15.63,26.37,2
2026-01-01 19:44:00,56.54,55.42,191.35,14.19,26.62,2
2026-01-01 19:45:00,58.74,53.57,205.33,16.73,22.88,2
2026-01-01 19:46:00,59.94,54.71,229.34,20.76,27.41,2
2026-01-01 19:47:00,65.1,58.16,243.31,19.1,23.96,2
2026-01-01 19:48:00,68.66,59.63,261.44,18.42,28.71,2
2026-01-01 19:49:00,70.81,57.41,283.49,23.76,27.48,2
2026-01-01 19:50:00,73.14,62.71,297.68,25.09,30.32,2
2026-01-01 19:51:00,77.22,63.17,317.59,27.2,29.43,2
2026-01-01 19:52:00,81.0,61.94,330.21,29.16,35.19,3
2026-01-01 19:53:00,84.24,61.41,346.97,30.45,32.95,3
2026-01-01 19:54:00,88.01,65.52,368.49,31.71,36.14,3
2026-01-01 19:55:00,93.37,66.79,380.22,34.11,38.49,3
2026-01-01 19:56:00,94.87,68.43,365.34,28.78,38.15,3
2026-01-01 19:57:00,93.3,66.93,347.85,30.32,40.09,3
2026-01-01 19:58:00,92.38,63.32,333.13,29.26,42.17,3
2026-01-01 19:59:00,87.65,64.9,316.46,25.04,40.95,3
2026-01-01 20:00:00,85.94,64.47,305.32,23.7,36.19,3
2026-01-01 20:01:00,85.69,66.26,287.39,23.31,37.59,3
2026-01-01 20:02:00,81.04,61.97,266.62,21.67,33.8,3
2026-01-01 20:03:00,75.82,64.89,248.78,22.28,31.43,2
2026-01-01 20:04:00,71.61,56.24,232.98,18.88,27.94,2
2026-01-01 20:05:00,66.93,61.05,214.48,16.95,27.34,2
2026-01-01 20:06:00,63.04,56.62,195.93,15.74,27.15,2
2026-01-01 20:07:00,59.58,57.57,173.65,16.44,24.86,2
2026-01-01 20:08:00,54.25,54.15,151.86,12.93,24.65,2
2026-01-01 20:09:00,51.15,55.18,126.62,10.49,24.12,2
2026-01-01 20:10:00,49.83,51.67,117.66,9.84,25.21,2
2026-01-01 20:11:00,45.85,48.85,111.63,11.43,21.65,2
2026-01-01 20:12:00,46.7,54.18,108.83,8.13,23.33,2
2026-01-01 20:13:00,45.55,50.71,106.13,10.99,26.07,2
2026-01-01 20:14:00,45.97,51.53,111.72,9.81,25.02,2
2026-01-01 20:15:00,43.66,52.75,110.91,9.19,24.88,2
2026-01-01 20:16:00,44.91,48.65,117.87,13.77,23.12,2
2026-01-01 20:17:00,42.58,51.09,114.68,8.16,23.15,2
2026-01-01 20:18:00,44.17,49.28,116.5,9.37,24.45,2
2026-01-01 20:19:00,43.85,50.08,112.6,7.72,25.23,2
2026-01-01 20:20:00,45.01,50.9,123.92,11.96,20.17,2
2026-01-01 20:21:00,42.73,46.95,117.67,12.54,20.72,2
2026-01-01 20:22:00,41.79,48.07,119.4,12.65,24.49,2
2026-01-01 20:23:00,43.64,52.98,122.62,12.26,22.44,2
2026-01-01 20:24:00,42.66,51.7,124.48,10.28,21.67,2
2026-01-01 20:25:00,44.05,50.29,123.19,9.92,21.05,2
2026-01-01 20:26:00,42.14,50.24,122.29,7.89,21.75,2
2026-01-01 20:27:00,44.23,49.89,122.32,13.45,20.86,2
2026-01-01 20:28:00,42.4,52.55,121.4,11.02,25.77,2
2026-01-01 20:29:00,44.21,50.07,126.11,9.98,22.92,2
2026-01-01 20:30:00,46.24,51.65,136.67,13.61,23.24,2
2026-01-01 20:31:00,45.29,53.14,132.55,9.81,24.03,2
2026-01-01 20:32:00,46.04,49.56,124.7,11.21,24.73,2
2026-01-01 20:33:00,45.99,54.21,123.88,10.27,24.7,2
2026-01-01 20:34:00,45.64,47.91,136.47,12.56,24.83,2
2026-01-01 20:35:00,44.33,53.78,131.13,11.05,22.03,2
2026-01-01 20:36:00,42.56,49.15,138.44,9.59,22.21,2
2026-01-01 20:37:00,45.36,50.39,145.35,12.47,24.32,2
2026-01-01 20:38:00,43.98,46.61,140.56,13.52,22.13,2
2026-01-01 20:39:00,45.65,50.07,141.76,12.01,23.21,2
2026-01-01 20:40:00,46.65,49.25,148.16,13.76,24.0,2
2026-01-01 20:41:00,48.42,50.73,144.01,10.67,24.89,2
2026-01-01 20:42:00,47.9,51.49,141.07,11.95,20.95,2
2026-01-01 20:43:00,47.19,53.43,136.48,10.66,24.57,2
2026-01-01 20:44:00,47.88,52.17,130.09,12.18,23.27,2
2026-01-01 20:45:00,47.45,52.22,126.03,10.76,24.6,2
2026-01-01 20:46:00,46.67,49.14,119.43,11.19,24.57,2
2026-01-01 20:47:00,46.42,49.48,119.65,11.8,25.77,2
2026-01-01 20:48:00,42.98,53.64,115.82,10.88,24.77,2
2026-01-01 20:49:00,44.28,49.03,117.33,10.38,24.99,2
2026-01-01 20:50:00,44.39,53.85,109.76,7.83,25.15,2
2026-01-01 20:51:00,42.18,49.28,112.24,9.54,23.03,2
2026-01-01 20:52:00,42.24,49.79,117.02,9.15,22.65,2
2026-01-01 20:53:00,41.91,51.81,107.29,8.6,23.85,2
2026-01-01 20:54:00,41.75,52.16,110.18,8.8,23.61,2
2026-01-01 20:55:00,42.84,49.77,117.1,8.48,22.25,2
2026-01-01 20:56:00,44.78,49.9,111.29,6.52,23.67,2
2026-01-01 20:57:00,46.15,51.04,120.35,9.23,23.26,2
2026-01-01 20:58:00,43.6,50.94,122.41,10.7,21.57,2
2026-01-01 20:59:00,44.58,52.39,118.7,8.07,24.96,2
2026-01-01 21:00:00,46.27,51.2,118.52,10.1,23.41,2
2026-01-01 21:01:00,46.16,52.39,121.43,13.17,26.38,2
2026-01-01 21:02:00,47.16,54.78,121.7,11.88,21.05,2
2026-01-01 21:03:00,49.37,53.04,124.26,13.03,23.05,2
2026-01-01 21:04:00,48.98,52.77,119.31,10.73,23.86,2
2026-01-01 21:05:00,47.62,48.63,120.21,11.97,25.28,2
2026-01-01 21:06:00,47.44,46.34,113.13,8.53,24.14,2
2026-01-01 21:07:00,45.97,51.87,113.12,8.65,23.74,2
2026-01-01 21:08:00,44.56,50.41,109.15,5.17,21.33,2
2026-01-01 21:09:00,42.88,48.98,106.34,10.82,20.98,2
2026-01-01 21:10:00,45.17,51.3,113.62,11.97,23.61,2
2026-01-01 21:11:00,43.5,50.11,119.58,9.33,20.78,2
2026-01-01 21:12:00,46.16,53.41,122.66,10.05,22.51,2
2026-01-01 21:13:00,45.94,51.25,116.99,8.81,24.02,2
2026-01-01 21:14:00,42.86,48.51,115.65,10.4,21.24,2
2026-01-01 21:15:00,43.95,52.36,122.06,12.06,25.32,2
2026-01-01 21:16:00,41.0,48.92,122.6,7.81,24.22,2
2026-01-01 21:17:00,43.97,51.44,133.99,12.0,20.56,2
2026-01-01 21:18:00,46.35,50.27,134.84,11.05,21.94,2
2026-01-01 21:19:00,45.66,49.68,134.61,11.61,19.79,2
2026-01-01 21:20:00,46.1,51.3,131.9,11.9,22.12,2
2026-01-01 21:21:00,49.11,52.21,131.61,10.9,24.99,2
2026-01-01 21:22:00,47.26,52.5,129.92,10.89,22.89,2
2026-01-01 21:23:00,45.41,50.36,132.67,10.96,23.87,2
2026-01-01 21:24:00,48.29,48.23,136.44,13.05,21.41,2
2026-01-01 21:25:00,50.52,51.82,131.19,11.78,25.29,2
2026-01-01 21:26:00,48.5,53.56,123.64,10.84,22.9,2
2026-01-01 21:27:00,48.03,51.22,114.17,7.8,23.66,2
2026-01-01 21:28:00,48.44,51.46,117.18,9.39,23.58,2
2026-01-01 21:29:00,45.2,52.79,111.89,10.86,21.23,2
2026-01-01 21:30:00,42.78,48.55,101.77,8.71,20.97,2
2026-01-01 21:31:00,44.01,47.32,105.17,9.93,24.37,2
2026-01-01 21:32:00,46.45,50.94,118.82,12.75,23.96,2
2026-01-01 21:33:00,46.36,50.26,118.89,11.66,24.92,2
2026-01-01 21:34:00,44.44,48.62,123.17,10.61,23.49,2
2026-01-01 21:35:00,47.5,51.27,123.32,9.72,23.76,2
2026-01-01 21:36:00,45.66,51.96,122.56,6.59,20.63,2
2026-01-01 21:37:00,45.06,50.75,126.95,10.54,22.71,2
2026-01-01 21:38:00,45.55,51.56,124.95,10.13,23.16,2
2026-01-01 21:39:00,47.75,55.34,125.89,11.29,26.52,2
2026-01-01 21:40:00,48.21,51.19,127.02,10.57,24.71,2
2026-01-01 21:41:00,47.58,52.21,123.12,9.98,25.87,2
2026-01-01 21:42:00,47.57,50.63,127.83,8.2,24.46,2
2026-01-01 21:43:00,46.83,49.7,126.33,9.33,22.36,2
2026-01-01 21:44:00,46.82,50.22,122.05,11.09,23.6,2
2026-01-01 21:45:00,42.36,48.87,124.56,13.16,22.98,2
2026-01-01 21:46:00,42.47,50.58,119.71,10.03,21.24,2
2026-01-01 21:47:00,43.36,54.87,119.87,10.68,22.23,2
2026-01-01 21:48:00,41.84,48.21,119.84,11.61,22.22,2
2026-01-01 21:49:00,43.55,49.41,125.28,9.43,25.25,2
2026-01-01 21:50:00,43.91,50.24,127.23,11.36,19.78,2
2026-01-01 21:51:00,47.03,52.25,126.53,9.64,25.27,2
2026-01-01 21:52:00,49.03,52.69,130.09,12.36,22.42,2
2026-01-01 21:53:00,47.71,54.27,136.24,11.81,21.53,2
2026-01-01 21:54:00,47.43,46.75,137.73,12.15,25.31,2
2026-01-01 21:55:00,47.26,46.77,136.36,10.42,24.6,2
2026-01-01 21:56:00,46.04,50.12,128.49,11.98,25.17,2
2026-01-01 21:57:00,45.79,53.22,122.49,13.54,24.44,2
2026-01-01 21:58:00,44.08,47.3,120.76,8.75,26.02,2
2026-01-01 21:59:00,42.19,43.75,117.65,9.49,23.43,2
2026-01-01 22:00:00,43.21,51.26,112.11,9.88,22.54,2
2026-01-01 22:01:00,43.6,50.75,108.22,10.38,23.36,2
2026-01-01 22:02:00,41.63,47.39,107.01,8.26,24.36,2
2026-01-01 22:03:00,42.6,47.94,102.9,4.5,21.5,2
2026-01-01 22:04:00,40.88,47.37,101.9,10.7,21.38,2
2026-01-01 22:05:00,40.87,49.53,98.87,9.54,21.89,2
2026-01-01 22:06:00,40.81,48.03,85.88,4.69,19.19,2
2026-01-01 22:07:00,39.01,49.64,79.12,5.81,22.23,2
2026-01-01 22:08:00,38.42,42.74,76.87,8.89,19.09,2
2026-01-01 22:09:00,36.06,45.91,69.47,8.08,21.57,2
2026-01-01 22:10:00,35.17,45.06,71.71,7.5,22.63,2
2026-01-01 22:11:00,35.04,46.75,78.43,6.4,20.59,2
2026-01-01 22:12:00,34.47,45.99,83.05,7.18,23.72,2
2026-01-01 22:13:00,34.75,48.76,80.14,6.62,19.06,2
2026-01-01 22:14:00,33.28,42.93,85.98,9.0,22.78,2
2026-01-01 22:15:00,33.82,46.93,84.64,5.88,22.1,2
2026-01-01 22:16:00,34.23,48.1,80.99,5.68,18.59,2
2026-01-01 22:17:00,34.2,50.68,76.24,8.0,25.22,2
2026-01-01 22:18:00,34.01,45.94,73.43,6.17,21.03,2
2026-01-01 22:19:00,33.94,47.53,70.41,8.05,19.79,2
2026-01-01 22:20:00,34.71,43.54,70.43,4.98,19.14,2
2026-01-01 22:21:00,35.8,42.75,70.4,5.9,21.11,2
2026-01-01 22:22:00,34.17,48.65,69.58,4.53,20.96,2
2026-01-01 22:23:00,32.37,46.32,71.0,6.05,20.98,2
2026-01-01 22:24:00,31.81,48.49,76.08,4.25,20.28,2
2026-01-01 22:25:00,32.51,43.63,79.54,6.03,21.8,2
2026-01-01 22:26:00,32.54,47.43,70.55,3.84,20.28,2
2026-01-01 22:27:00,30.98,49.58,56.94,5.88,17.67,2
2026-01-01 22:28:00,29.52,46.17,61.85,6.33,20.09,2
2026-01-01 22:29:00,29.35,45.82,54.87,2.07,16.73,2
2026-01-01 22:30:00,30.14,45.57,54.16,6.6,20.96,2
2026-01-01 22:31:00,30.9,42.67,48.77,7.89,19.09,2
2026-01-01 22:32:00,29.09,47.89,40.66,3.53,20.48,2
2026-01-01 22:33:00,28.44,43.73,44.92,2.86,22.09,2
2026-01-01 22:34:00,27.59,45.66,49.92,8.48,18.54,2
2026-01-01 22:35:00,28.23,41.76,47.84,2.09,21.67,2
2026-01-01 22:36:00,26.59,41.95,35.86,3.08,19.14,2
2026-01-01 22:37:00,27.6,47.53,35.06,3.25,22.6,2
2026-01-01 22:38:00,24.99,43.05,39.01,5.33,18.95,2
2026-01-01 22:39:00,25.04,46.67,33.3,3.37,18.25,2
2026-01-01 22:40:00,26.27,44.04,36.35,2.34,20.76,2
2026-01-01 22:41:00,27.02,40.77,38.17,1.82,19.21,2
2026-01-01 22:42:00,31.6,47.84,42.81,3.13,19.43,2
2026-01-01 22:43:00,31.2,44.74,44.78,2.3,19.9,2
2026-01-01 22:44:00,28.65,46.43,41.14,3.57,20.09,2
2026-01-01 22:45:00,28.89,45.16,48.63,3.29,22.21,2
2026-01-01 22:46:00,26.52,41.2,48.74,1.9,16.87,2
2026-01-01 22:47:00,27.58,44.98,49.51,6.09,20.0,2
2026-01-01 22:48:00,26.88,48.8,45.68,3.14,20.78,2
2026-01-01 22:49:00,28.97,46.12,44.61,1.89,20.5,2
2026-01-01 22:50:00,27.9,44.65,41.42,3.27,21.99,2
2026-01-01 22:51:00,27.9,46.92,42.04,3.68,19.91,2
2026-01-01 22:52:00,27.83,45.16,52.03,1.8,19.73,2
2026-01-01 22:53:00,30.9,46.24,45.81,4.39,21.45,2
2026-01-01 22:54:00,29.33,43.08,38.88,1.73,20.43,2
2026-01-01 22:55:00,32.17,46.73,47.93,6.64,20.2,2
2026-01-01 22:56:00,32.48,48.44,47.84,4.85,21.62,2
2026-01-01 22:57:00,32.02,44.53,45.47,3.27,19.78,2
2026-01-01 22:58:00,31.99,49.05,51.83,3.29,19.84,2
2026-01-01 22:59:00,31.85,45.96,49.46,4.05,19.94,2
2026-01-01 23:00:00,28.97,43.36,59.43,5.97,22.24,2
2026-01-01 23:01:00,29.81,47.43,62.87,5.31,15.53,2
2026-01-01 23:02:00,31.86,45.58,60.2,4.79,21.33,2
2026-01-01 23:03:00,32.6,47.93,70.97,6.12,20.92,2
2026-01-01 23:04:00,30.78,45.19,67.06,4.79,18.02,2
2026-01-01 23:05:00,31.84,46.03,70.21,5.45,21.2,2
2026-01-01 23:06:00,35.22,48.31,70.89,2.9,22.05,2
2026-01-01 23:07:00,37.12,48.57,76.53,7.97,22.57,2
2026-01-01 23:08:00,36.84,43.9,83.01,7.5,17.65,2
2026-01-01 23:09:00,38.07,46.08,81.33,5.75,23.9,2
2026-01-01 23:10:00,36.51,49.64,75.86,9.3,20.46,2
2026-01-01 23:11:00,33.55,46.48,76.89,6.67,22.07,2
2026-01-01 23:12:00,32.47,45.32,72.15,4.58,21.96,2
2026-01-01 23:13:00,36.14,44.93,81.24,8.19,20.19,2
2026-01-01 23:14:00,35.7,45.33,80.23,7.42,22.42,2
2026-01-01 23:15:00,35.21,43.28,76.78,7.12,20.76,2
2026-01-01 23:16:00,34.78,46.97,76.36,5.85,18.15,2
2026-01-01 23:17:00,37.25,46.84,68.32,6.48,23.46,2
2026-01-01 23:18:00,38.05,46.38,62.79,4.94,20.69,2
2026-01-01 23:19:00,39.86,48.81,68.57,6.66,20.89,2
2026-01-01 23:20:00,37.19,48.74,64.6,2.63,21.09,2
2026-01-01 23:21:00,35.75,51.7,59.0,4.36,21.84,2
2026-01-01 23:22:00,32.28,43.28,61.76,7.83,20.73,2
2026-01-01 23:23:00,34.93,49.54,67.55,4.59,22.11,2
2026-01-01 23:24:00,32.89,48.46,70.54,5.09,18.91,2
2026-01-01 23:25:00,33.93,45.32,74.68,5.68,19.99,2
2026-01-01 23:26:00,32.29,46.71,69.72,4.1,20.64,2
2026-01-01 23:27:00,31.43,45.09,61.83,1.94,23.5,2
2026-01-01 23:28:00,31.02,46.23,69.19,5.54,20.41,2
2026-01-01 23:29:00,30.93,48.84,66.84,5.89,22.2,2
2026-01-01 23:30:00,30.85,47.01,65.04,5.45,20.61,2
2026-01-01 23:31:00,31.22,46.94,71.28,5.84,19.89,2
2026-01-01 23:32:00,33.66,45.92,73.16,6.28,20.69,2
2026-01-01 23:33:00,32.43,43.38,74.39,7.86,20.58,2
2026-01-01 23:34:00,34.3,46.59,84.06,6.86,22.08,2
2026-01-01 23:35:00,36.64,50.24,78.92,5.85,23.66,2
2026-01-01 23:36:00,35.79,44.47,82.04,6.55,21.98,2
2026-01-01 23:37:00,34.83,45.08,80.56,7.72,23.05,2
2026-01-01 23:38:00,34.91,47.47,80.26,8.94,19.84,2
2026-01-01 23:39:00,37.5,46.16,86.28,6.39,21.13,2
2026-01-01 23:40:00,37.74,46.62,86.72,7.52,20.71,2
2026-01-01 23:41:00,36.84,47.05,87.27,7.93,22.1,2
2026-01-01 23:42:00,38.0,45.57,90.45,6.2,21.3,2
2026-01-01 23:43:00,36.08,45.68,86.19,7.36,22.59,2
2026-01-01 23:44:00,37.07,49.38,79.9,4.59,20.28,2
2026-01-01 23:45:00,36.82,45.27,73.09,3.56,21.69,2
2026-01-01 23:46:00,34.83,43.99,62.21,5.84,22.3,2
2026-01-01 23:47:00,33.44,45.44,72.31,5.57,17.92,2
2026-01-01 23:48:00,32.01,47.67,65.81,5.9,23.95,2
2026-01-01 23:49:00,33.11,46.19,64.24,5.43,20.53,2
2026-01-01 23:50:00,34.74,46.23,62.52,3.85,18.22,2
2026-01-01 23:51:00,33.09,46.67,63.85,5.36,21.19,2
2026-01-01 23:52:00,33.93,43.39,67.62,3.9,21.16,2
2026-01-01 23:53:00,30.92,46.81,71.32,8.15,20.44,2
2026-01-01 23:54:00,30.94,46.6,67.49,3.7,22.06,2
2026-01-01 23:55:00,31.69,45.27,66.06,5.32,21.83,2
2026-01-01 23:56:00,30.92,47.84,66.99,4.13,21.01,2
2026-01-01 23:57:00,30.26,43.34,65.19,6.4,21.12,2
2026-01-01 23:58:00,30.76,48.02,72.81,5.69,20.38,2
2026-01-01 23:59:00,32.63,46.73,74.24,5.53,23.54,2
